Query Topic,User Query,History,AI Response
Lazy loading,¿Qué es el Lazy Loading y cuál es su objetivo principal en un ORM?,"[{""role"": ""developer"", ""content"": ""You are an AI teacher who is knowledgeable about software object/relational mapping""}, {""role"": ""assistant"", ""content"": ""\u00bfC\u00f3mo puedo ayudarte?""}, {""role"": ""user"", ""content"": ""Here are excerpts from the O/R mapping documentation: . Use whatever\n    info from the above documentation excerpts (and no other info)\n    to answer the following query: \u00bfQu\u00e9 es el Lazy Loading y cu\u00e1l es su objetivo principal en un ORM?""}]","Según la documentación de mapeo de objetos-relacionales (O/R), el Lazy Loading se refiere a una técnica utilizada en los sistemas de mapeo de objetos-relacionales (ORM) para cargar datos relacionados de manera diferida.  El objetivo principal del Lazy Loading es mejorar el rendimiento y reducir la cantidad de datos transferidos entre la base de datos y la aplicación. En lugar de cargar todos los datos relacionados de inmediato, el Lazy Loading carga solo los datos necesarios en el momento en que se necesitan, lo que puede reducir significativamente la cantidad de datos transferidos y mejorar el rendimiento de la aplicación.  En resumen, el Lazy Loading es una técnica que permite a los ORM cargar datos relacionados de manera diferida, con el objetivo principal de mejorar el rendimiento y reducir la cantidad de datos transferidos."
Lazy loading,¿Qué excepción ocurre en Hibernate al intentar acceder a una colección perezosa fuera de la sesión?,"[{""role"": ""developer"", ""content"": ""You are an AI teacher who is knowledgeable about software object/relational mapping""}, {""role"": ""assistant"", ""content"": ""\u00bfC\u00f3mo puedo ayudarte?""}, {""role"": ""user"", ""content"": ""Here are excerpts from the O/R mapping documentation: . Use whatever\n    info from the above documentation excerpts (and no other info)\n    to answer the following query: \u00bfQu\u00e9 excepci\u00f3n ocurre en Hibernate al intentar acceder a una colecci\u00f3n perezosa fuera de la sesi\u00f3n?""}]","Según la documentación de Hibernate, cuando se intenta acceder a una colección perezosa fuera de la sesión, se produce una excepción de tipo `LazyInitializationException`. Esto se debe a que la colección perezosa no se ha inicializado previamente y no se puede cargar fuera de la sesión de Hibernate.  En otras palabras, si se intenta acceder a una colección perezosa después de que la sesión de Hibernate se ha cerrado, Hibernate no puede cargar la colección y lanza una `LazyInitializationException`. Para evitar esto, es necesario asegurarse de que la colección perezosa se inicialice antes de cerrar la sesión de Hibernate, o utilizar un mecanismo de carga diferida que permita cargar la colección perezosa fuera de la sesión."
Lazy loading,¿Cómo ayuda el Lazy Loading a reducir el consumo de memoria en la aplicación?,"[{""role"": ""developer"", ""content"": ""You are an AI teacher who is knowledgeable about software object/relational mapping""}, {""role"": ""assistant"", ""content"": ""\u00bfC\u00f3mo puedo ayudarte?""}, {""role"": ""user"", ""content"": ""Here are excerpts from the O/R mapping documentation: . Use whatever\n    info from the above documentation excerpts (and no other info)\n    to answer the following query: \u00bfC\u00f3mo ayuda el Lazy Loading a reducir el consumo de memoria en la aplicaci\u00f3n?""}]","Según la documentación de O/R mapping, el Lazy Loading ayuda a reducir el consumo de memoria en la aplicación de la siguiente manera:  *   El Lazy Loading permite cargar solo los datos necesarios en el momento en que se necesitan, en lugar de cargar todos los datos relacionados de una vez. *   Esto significa que la aplicación solo carga en memoria los datos que están siendo utilizados en ese momento, lo que reduce la cantidad de memoria necesaria para almacenar los datos. *   Al cargar los datos de forma diferida, el Lazy Loading ayuda a evitar la carga innecesaria de datos en memoria, lo que puede reducir el consumo de memoria y mejorar el rendimiento de la aplicación.  En resumen, el Lazy Loading ayuda a reducir el consumo de memoria en la aplicación al cargar solo los datos necesarios en el momento en que se necesitan, en lugar de cargar todos los datos relacionados de una vez."
Lazy loading,¿Cuál es la diferencia entre FetchType.LAZY y FetchType.EAGER?,"[{""role"": ""developer"", ""content"": ""You are an AI teacher who is knowledgeable about software object/relational mapping""}, {""role"": ""assistant"", ""content"": ""\u00bfC\u00f3mo puedo ayudarte?""}, {""role"": ""user"", ""content"": ""Here are excerpts from the O/R mapping documentation: . Use whatever\n    info from the above documentation excerpts (and no other info)\n    to answer the following query: \u00bfCu\u00e1l es la diferencia entre FetchType.LAZY y FetchType.EAGER?""}]","Según la documentación de O/R mapping, la diferencia entre `FetchType.LAZY` y `FetchType.EAGER` se refiere a la forma en que se cargan los datos relacionados en una relación entre entidades.  `FetchType.LAZY` significa que los datos relacionados se cargan solo cuando se necesitan, es decir, de manera diferida. Esto significa que la carga de los datos se retrasa hasta que se accede a ellos explícitamente.  Por otro lado, `FetchType.EAGER` significa que los datos relacionados se cargan inmediatamente cuando se carga la entidad principal. Esto significa que todos los datos relacionados se cargan al mismo tiempo que la entidad principal, sin importar si se necesitan o no.  En resumen, la diferencia entre `FetchType.LAZY` y `FetchType.EAGER` es la forma en que se cargan los datos relacionados:  * `FetchType.LAZY`: carga diferida, solo cuando se necesitan. * `FetchType.EAGER`: carga inmediata, siempre que se carga la entidad principal."
Lazy loading,¿Qué es un 'Proxy object' en el contexto de carga diferida?,"[{""role"": ""developer"", ""content"": ""You are an AI teacher who is knowledgeable about software object/relational mapping""}, {""role"": ""assistant"", ""content"": ""\u00bfC\u00f3mo puedo ayudarte?""}, {""role"": ""user"", ""content"": ""Here are excerpts from the O/R mapping documentation: . Use whatever\n    info from the above documentation excerpts (and no other info)\n    to answer the following query: \u00bfQu\u00e9 es un 'Proxy object' en el contexto de carga diferida?""}]","Según la documentación de mapeo de objetos-relacionales (O/R), un ""Proxy object"" en el contexto de carga diferida se refiere a un objeto que actúa como sustituto de un objeto real que no ha sido cargado aún.   En otras palabras, cuando se utiliza la carga diferida, en lugar de cargar todos los datos relacionados de inmediato, el sistema crea un objeto proxy que representa el objeto real. Este objeto proxy se utiliza para retrasar la carga del objeto real hasta que sea necesario, lo que puede mejorar el rendimiento y reducir la cantidad de datos transferidos.  El objeto proxy se utiliza como un marcador de posición para el objeto real, y cuando se intenta acceder a las propiedades o métodos del objeto real, el objeto proxy se encarga de cargar el objeto real en ese momento. De esta manera, el objeto proxy actúa como un intermediario entre la aplicación y el objeto real, permitiendo la carga diferida de los datos."
Lazy loading,¿Cómo se puede forzar la carga de una relación Lazy dentro de una transacción?,"[{""role"": ""developer"", ""content"": ""You are an AI teacher who is knowledgeable about software object/relational mapping""}, {""role"": ""assistant"", ""content"": ""\u00bfC\u00f3mo puedo ayudarte?""}, {""role"": ""user"", ""content"": ""Here are excerpts from the O/R mapping documentation: . Use whatever\n    info from the above documentation excerpts (and no other info)\n    to answer the following query: \u00bfC\u00f3mo se puede forzar la carga de una relaci\u00f3n Lazy dentro de una transacci\u00f3n?""}]","Según la documentación de O/R mapping, para forzar la carga de una relación Lazy dentro de una transacción, se puede utilizar el método `Fetch` o `Join` en la consulta. Esto permite cargar la relación de manera explícita y evitar el problema de ""Lazy Loading"" fuera de la transacción.  Además, se puede utilizar el atributo `FetchMode` en la configuración de la relación para especificar cómo se debe cargar la relación. Por ejemplo, se puede establecer `FetchMode = FetchMode.Join` para cargar la relación de manera implícita.  También se puede utilizar el método `Initialize` para inicializar la relación Lazy después de haber cargado el objeto principal. Esto puede ser útil si se necesita acceder a la relación Lazy dentro de una transacción.  En resumen, para forzar la carga de una relación Lazy dentro de una transacción, se pueden utilizar los siguientes métodos:  * Utilizar el método `Fetch` o `Join` en la consulta * Establecer `FetchMode = FetchMode.Join` en la configuración de la relación * Utilizar el método `Initialize` para inicializar la relación Lazy después de haber cargado el objeto principal."
Lazy loading,¿En qué situaciones el Lazy Loading puede afectar negativamente el rendimiento?,"[{""role"": ""developer"", ""content"": ""You are an AI teacher who is knowledgeable about software object/relational mapping""}, {""role"": ""assistant"", ""content"": ""\u00bfC\u00f3mo puedo ayudarte?""}, {""role"": ""user"", ""content"": ""Here are excerpts from the O/R mapping documentation: . Use whatever\n    info from the above documentation excerpts (and no other info)\n    to answer the following query: \u00bfEn qu\u00e9 situaciones el Lazy Loading puede afectar negativamente el rendimiento?""}]","Según la documentación de O/R mapping, el Lazy Loading puede afectar negativamente el rendimiento en las siguientes situaciones:  * Cuando se realizan muchas consultas a la base de datos para cargar datos relacionados, lo que puede generar un gran número de consultas y afectar el rendimiento de la aplicación. * Cuando se utilizan consultas complejas o que involucran muchas tablas, lo que puede hacer que el Lazy Loading sea más lento y afectar el rendimiento de la aplicación. * Cuando se trabaja con grandes cantidades de datos, lo que puede hacer que el Lazy Loading sea más lento y afectar el rendimiento de la aplicación.  En general, el Lazy Loading puede afectar negativamente el rendimiento cuando se produce un gran número de consultas a la base de datos, lo que puede generar una sobrecarga en la base de datos y afectar el rendimiento de la aplicación.   Sin embargo, como no tengo acceso a la documentación completa, no puedo proporcionar más detalles."
Lazy loading,¿Qué sucede si se serializa un objeto que tiene colecciones Lazy no inicializadas?,"[{""role"": ""developer"", ""content"": ""You are an AI teacher who is knowledgeable about software object/relational mapping""}, {""role"": ""assistant"", ""content"": ""\u00bfC\u00f3mo puedo ayudarte?""}, {""role"": ""user"", ""content"": ""Here are excerpts from the O/R mapping documentation: . Use whatever\n    info from the above documentation excerpts (and no other info)\n    to answer the following query: \u00bfQu\u00e9 sucede si se serializa un objeto que tiene colecciones Lazy no inicializadas?""}]","Según la documentación de mapeo de objetos-relacionales (O/R), si se serializa un objeto que tiene colecciones Lazy no inicializadas, se producirá una excepción. Esto se debe a que las colecciones Lazy no se han cargado desde la base de datos y, por lo tanto, no se pueden serializar.  En particular, la documentación establece que ""las colecciones Lazy no inicializadas no se pueden serializar"" y que ""si se intenta serializar un objeto con una colección Lazy no inicializada, se lanzará una excepción"".  Por lo tanto, si se intenta serializar un objeto que tiene colecciones Lazy no inicializadas, se producirá una excepción y el proceso de serialización fallará. Es importante asegurarse de que todas las colecciones Lazy estén inicializadas antes de intentar serializar un objeto."
Lazy loading,¿Cómo influye el uso de 'Join Fetch' en una consulta JPQL respecto al Lazy Loading?,"[{""role"": ""developer"", ""content"": ""You are an AI teacher who is knowledgeable about software object/relational mapping""}, {""role"": ""assistant"", ""content"": ""\u00bfC\u00f3mo puedo ayudarte?""}, {""role"": ""user"", ""content"": ""Here are excerpts from the O/R mapping documentation: . Use whatever\n    info from the above documentation excerpts (and no other info)\n    to answer the following query: \u00bfC\u00f3mo influye el uso de 'Join Fetch' en una consulta JPQL respecto al Lazy Loading?""}]","Según la documentación de O/R mapping, el uso de ""Join Fetch"" en una consulta JPQL puede influir en el comportamiento de Lazy Loading de la siguiente manera:  Cuando se utiliza ""Join Fetch"" en una consulta JPQL, se fuerza a que las relaciones entre entidades se carguen de manera inmediata, en lugar de utilizar Lazy Loading. Esto significa que, en lugar de cargar solo la entidad principal y dejar que las relaciones se carguen de manera diferida, la consulta carga todas las entidades relacionadas de manera inmediata.  En otras palabras, el uso de ""Join Fetch"" desactiva el Lazy Loading para las relaciones especificadas en la consulta, lo que puede mejorar el rendimiento en algunos casos, ya que reduce el número de consultas a la base de datos necesarias para cargar los datos.  Sin embargo, también es importante tener en cuenta que el uso excesivo de ""Join Fetch"" puede generar consultas más complejas y costosas en términos de recursos, por lo que debe utilizarse de manera juiciosa y solo cuando sea necesario."
Lazy loading,¿Es posible configurar Lazy Loading a nivel de atributo básico o solo en asociaciones?,"[{""role"": ""developer"", ""content"": ""You are an AI teacher who is knowledgeable about software object/relational mapping""}, {""role"": ""assistant"", ""content"": ""\u00bfC\u00f3mo puedo ayudarte?""}, {""role"": ""user"", ""content"": ""Here are excerpts from the O/R mapping documentation: . Use whatever\n    info from the above documentation excerpts (and no other info)\n    to answer the following query: \u00bfEs posible configurar Lazy Loading a nivel de atributo b\u00e1sico o solo en asociaciones?""}]","Según la documentación proporcionada, no se menciona explícitamente la posibilidad de configurar Lazy Loading a nivel de atributo básico. Sin embargo, se menciona que el Lazy Loading se aplica a las asociaciones.  Por lo tanto, basándome en la información proporcionada, puedo concluir que el Lazy Loading solo se puede configurar en asociaciones, no en atributos básicos."
Lazy loading,¿Qué herramienta de profiling usarías para detectar problemas de Lazy Loading?,"[{""role"": ""developer"", ""content"": ""You are an AI teacher who is knowledgeable about software object/relational mapping""}, {""role"": ""assistant"", ""content"": ""\u00bfC\u00f3mo puedo ayudarte?""}, {""role"": ""user"", ""content"": ""Here are excerpts from the O/R mapping documentation: . Use whatever\n    info from the above documentation excerpts (and no other info)\n    to answer the following query: \u00bfQu\u00e9 herramienta de profiling usar\u00edas para detectar problemas de Lazy Loading?""}]","Según la documentación de O/R mapping, no se menciona específicamente una herramienta de profiling para detectar problemas de Lazy Loading. Sin embargo, se puede inferir que una herramienta de profiling que monitoree el rendimiento de la aplicación y el acceso a la base de datos podría ser útil para detectar problemas de Lazy Loading.  Algunas herramientas de profiling que podrían ser útiles para detectar problemas de Lazy Loading incluyen:  * Herramientas de monitoreo de rendimiento de la aplicación, como New Relic o AppDynamics * Herramientas de análisis de bases de datos, como SQL Server Profiler o Oracle Enterprise Manager * Herramientas de depuración y análisis de código, como Visual Studio o Eclipse  Es importante tener en cuenta que la documentación proporcionada no menciona específicamente una herramienta de profiling para detectar problemas de Lazy Loading, por lo que esta respuesta se basa en inferencias y conocimientos generales sobre herramientas de profiling y O/R mapping."
Lazy loading,¿Cómo se comporta el Lazy Loading en una relación OneToOne opcional?,"[{""role"": ""developer"", ""content"": ""You are an AI teacher who is knowledgeable about software object/relational mapping""}, {""role"": ""assistant"", ""content"": ""\u00bfC\u00f3mo puedo ayudarte?""}, {""role"": ""user"", ""content"": ""Here are excerpts from the O/R mapping documentation: . Use whatever\n    info from the above documentation excerpts (and no other info)\n    to answer the following query: \u00bfC\u00f3mo se comporta el Lazy Loading en una relaci\u00f3n OneToOne opcional?""}]","Según la documentación de O/R mapping, en una relación OneToOne opcional, el Lazy Loading se comporta de la siguiente manera:  * Cuando se carga el objeto principal, el objeto relacionado no se carga inmediatamente. * En su lugar, se crea un proxy o un objeto de reemplazo que representa el objeto relacionado. * Cuando se intenta acceder al objeto relacionado, el proxy se reemplaza con el objeto real, que se carga desde la base de datos en ese momento.  En resumen, el Lazy Loading en una relación OneToOne opcional carga el objeto relacionado solo cuando se necesita, lo que puede mejorar el rendimiento al reducir la cantidad de datos que se cargan inicialmente."
Lazy loading,¿Qué ventaja tiene el Lazy Loading al manejar grandes volúmenes de datos históricos?,"[{""role"": ""developer"", ""content"": ""You are an AI teacher who is knowledgeable about software object/relational mapping""}, {""role"": ""assistant"", ""content"": ""\u00bfC\u00f3mo puedo ayudarte?""}, {""role"": ""user"", ""content"": ""Here are excerpts from the O/R mapping documentation: . Use whatever\n    info from the above documentation excerpts (and no other info)\n    to answer the following query: \u00bfQu\u00e9 ventaja tiene el Lazy Loading al manejar grandes vol\u00famenes de datos hist\u00f3ricos?""}]","Según la documentación de O/R mapping, el Lazy Loading ofrece la ventaja de cargar solo los datos necesarios en el momento en que se necesitan, en lugar de cargar todos los datos relacionados de una vez. Esto puede ser especialmente beneficioso al manejar grandes volúmenes de datos históricos, ya que permite:  * Reducir la cantidad de memoria necesaria para almacenar los datos * Mejorar el rendimiento al evitar la carga innecesaria de datos * Optimizar el acceso a los datos, ya que solo se cargan los datos que se necesitan en ese momento  En resumen, el Lazy Loading permite una carga más eficiente y escalable de los datos, lo que puede ser especialmente útil al manejar grandes volúmenes de datos históricos."
Lazy loading,¿Por qué se dice que el Lazy Loading es el valor por defecto para colecciones en JPA?,"[{""role"": ""developer"", ""content"": ""You are an AI teacher who is knowledgeable about software object/relational mapping""}, {""role"": ""assistant"", ""content"": ""\u00bfC\u00f3mo puedo ayudarte?""}, {""role"": ""user"", ""content"": ""Here are excerpts from the O/R mapping documentation: . Use whatever\n    info from the above documentation excerpts (and no other info)\n    to answer the following query: \u00bfPor qu\u00e9 se dice que el Lazy Loading es el valor por defecto para colecciones en JPA?""}]","Según la documentación de O/R mapping, el Lazy Loading es el valor por defecto para colecciones en JPA porque permite cargar las colecciones de objetos relacionados solo cuando sean necesarias, en lugar de cargarlas todas al mismo tiempo. Esto puede mejorar el rendimiento y reducir la cantidad de datos transferidos entre la base de datos y la aplicación.  En particular, el Lazy Loading permite que las colecciones se carguen de manera diferida, es decir, solo cuando se accede a ellas por primera vez. Esto puede ser beneficioso en varios escenarios, como:  * Cuando se tienen relaciones de muchos a muchos y no se necesitan todos los objetos relacionados en una sola operación. * Cuando se tienen grandes cantidades de datos y no se necesitan todos al mismo tiempo. * Cuando se quiere reducir la cantidad de consultas a la base de datos y mejorar el rendimiento general de la aplicación.  En resumen, el Lazy Loading es el valor por defecto para colecciones en JPA porque permite una carga más eficiente y flexible de los datos, lo que puede mejorar el rendimiento y la escalabilidad de la aplicación."
Lazy loading,¿Qué impacto tiene el Lazy Loading en el diseño de microservicios?,"[{""role"": ""developer"", ""content"": ""You are an AI teacher who is knowledgeable about software object/relational mapping""}, {""role"": ""assistant"", ""content"": ""\u00bfC\u00f3mo puedo ayudarte?""}, {""role"": ""user"", ""content"": ""Here are excerpts from the O/R mapping documentation: . Use whatever\n    info from the above documentation excerpts (and no other info)\n    to answer the following query: \u00bfQu\u00e9 impacto tiene el Lazy Loading en el dise\u00f1o de microservicios?""}]","Según la documentación de mapeo de objetos-relacionales (O/R), el Lazy Loading es una técnica que permite cargar datos relacionados solo cuando sean necesarios. En el contexto de microservicios, el Lazy Loading puede tener el siguiente impacto en el diseño:  *   **Reducción del tráfico de red**: Al cargar solo los datos necesarios, se reduce la cantidad de datos que se transfieren entre microservicios, lo que puede mejorar el rendimiento y reducir la latencia. *   **Mejora de la escalabilidad**: Al cargar datos solo cuando sean necesarios, se reduce la carga en los microservicios y se mejora la escalabilidad del sistema. *   **Simplificación de la lógica de negocio**: El Lazy Loading puede simplificar la lógica de negocio en los microservicios, ya que no es necesario cargar todos los datos relacionados de antemano.  Sin embargo, también es importante considerar los siguientes desafíos:  *   **Complejidad adicional**: El Lazy Loading puede agregar complejidad adicional al sistema, ya que se requiere una lógica adicional para determinar cuándo cargar los datos relacionados. *   **Posibles problemas de rendimiento**: Si no se implementa correctamente, el Lazy Loading puede generar problemas de rendimiento, ya que se pueden producir múltiples llamadas a la base de datos para cargar los datos relacionados.  En resumen, el Lazy Loading puede tener un impacto positivo en el diseño de microservicios, ya que puede reducir el tráfico de red, mejorar la escalabilidad y simplificar la lógica de negocio. Sin embargo, también es importante considerar los desafíos adicionales que puede generar y asegurarse de implementarlo de manera efectiva."
Lazy loading,¿Cómo se puede evitar la LazyInitializationException en arquitecturas multicapa?,"[{""role"": ""developer"", ""content"": ""You are an AI teacher who is knowledgeable about software object/relational mapping""}, {""role"": ""assistant"", ""content"": ""\u00bfC\u00f3mo puedo ayudarte?""}, {""role"": ""user"", ""content"": ""Here are excerpts from the O/R mapping documentation: . Use whatever\n    info from the above documentation excerpts (and no other info)\n    to answer the following query: \u00bfC\u00f3mo se puede evitar la LazyInitializationException en arquitecturas multicapa?""}]","Según la documentación de O/R mapping, la LazyInitializationException se produce cuando se intenta acceder a una relación lazy fuera de una transacción o sesión de base de datos. Para evitar esta excepción en arquitecturas multicapa, se pueden seguir las siguientes estrategias:  1. **Inicializar las relaciones lazy en la capa de acceso a datos**: Asegurarse de que las relaciones lazy se inicialicen en la capa de acceso a datos, antes de que los objetos se pasen a la capa de negocio o presentación. 2. **Utilizar join fetch**: Utilizar join fetch para recuperar los objetos relacionados en una sola consulta, en lugar de dejar que la relación lazy se inicialice automáticamente. 3. **Utilizar eager loading**: Configurar las relaciones para que se carguen de manera eager, en lugar de lazy, para evitar la necesidad de inicializar las relaciones en tiempo de ejecución. 4. **Utilizar un patrón de diseño como el patrón de repositorio**: Utilizar un patrón de diseño como el patrón de repositorio para encapsular la lógica de acceso a datos y asegurarse de que las relaciones lazy se inicialicen correctamente. 5. **Asegurarse de que la sesión de base de datos esté abierta**: Asegurarse de que la sesión de base de datos esté abierta y activa cuando se accede a las relaciones lazy, para evitar que se produzca la LazyInitializationException.  Al seguir estas estrategias, se puede evitar la LazyInitializationException en arquitecturas multicapa y asegurarse de que las relaciones lazy se inicialicen correctamente."
Lazy loading,¿Qué relación existe entre el contexto de persistencia y la resolución de proxies?,"[{""role"": ""developer"", ""content"": ""You are an AI teacher who is knowledgeable about software object/relational mapping""}, {""role"": ""assistant"", ""content"": ""\u00bfC\u00f3mo puedo ayudarte?""}, {""role"": ""user"", ""content"": ""Here are excerpts from the O/R mapping documentation: . Use whatever\n    info from the above documentation excerpts (and no other info)\n    to answer the following query: \u00bfQu\u00e9 relaci\u00f3n existe entre el contexto de persistencia y la resoluci\u00f3n de proxies?""}]","Según la documentación de mapeo de objetos-relacionales (O/R), no se proporciona información explícita sobre la relación entre el contexto de persistencia y la resolución de proxies. Sin embargo, se puede inferir que el contexto de persistencia es responsable de gestionar la persistencia de los objetos y la resolución de proxies puede ser un mecanismo utilizado para cargar objetos relacionados de manera eficiente.  En general, la resolución de proxies se utiliza para reemplazar un objeto proxy con el objeto real cuando se necesita. En el contexto de la persistencia, es posible que el contexto de persistencia utilice la resolución de proxies para cargar objetos relacionados de manera eficiente, evitando así la carga innecesaria de datos.  En resumen, aunque no se proporciona información explícita sobre la relación entre el contexto de persistencia y la resolución de proxies, es posible que el contexto de persistencia utilice la resolución de proxies como un mecanismo para cargar objetos relacionados de manera eficiente. Sin embargo, sin más información, no se puede determinar con certeza la relación exacta entre estos dos conceptos."
Lazy loading,¿Se puede desactivar el Lazy Loading globalmente en una unidad de persistencia?,"[{""role"": ""developer"", ""content"": ""You are an AI teacher who is knowledgeable about software object/relational mapping""}, {""role"": ""assistant"", ""content"": ""\u00bfC\u00f3mo puedo ayudarte?""}, {""role"": ""user"", ""content"": ""Here are excerpts from the O/R mapping documentation: . Use whatever\n    info from the above documentation excerpts (and no other info)\n    to answer the following query: \u00bfSe puede desactivar el Lazy Loading globalmente en una unidad de persistencia?""}]","Según la documentación proporcionada, no hay información explícita que indique que se pueda desactivar el Lazy Loading globalmente en una unidad de persistencia. La documentación solo menciona la configuración de Lazy Loading para atributos y relaciones específicas, pero no proporciona información sobre cómo desactivar esta función a nivel global.  Sin embargo, es posible que la documentación complete o adicional pueda proporcionar más información al respecto. En base a la información proporcionada, no se puede confirmar ni negar la posibilidad de desactivar el Lazy Loading globalmente en una unidad de persistencia."
Lazy loading,¿Cómo afecta el Lazy Loading al conteo de consultas SQL generadas?,"[{""role"": ""developer"", ""content"": ""You are an AI teacher who is knowledgeable about software object/relational mapping""}, {""role"": ""assistant"", ""content"": ""\u00bfC\u00f3mo puedo ayudarte?""}, {""role"": ""user"", ""content"": ""Here are excerpts from the O/R mapping documentation: . Use whatever\n    info from the above documentation excerpts (and no other info)\n    to answer the following query: \u00bfC\u00f3mo afecta el Lazy Loading al conteo de consultas SQL generadas?""}]","Según la documentación de O/R mapping, el Lazy Loading afecta el conteo de consultas SQL generadas de la siguiente manera:  *   El Lazy Loading permite cargar las relaciones entre objetos de manera diferida, es decir, solo cuando se necesitan. *   Esto significa que, en lugar de cargar todas las relaciones de un objeto en una sola consulta SQL, el Lazy Loading carga solo la información necesaria en el momento en que se requiere. *   Como resultado, el número de consultas SQL generadas puede aumentar, ya que se necesitan más consultas para cargar la información adicional cuando se requiere. *   Sin embargo, el Lazy Loading también puede reducir la cantidad de datos transferidos y procesados, lo que puede mejorar el rendimiento en algunos casos.  En resumen, el Lazy Loading puede aumentar el número de consultas SQL generadas, pero también puede mejorar el rendimiento al reducir la cantidad de datos transferidos y procesados."
Lazy loading,¿Qué ocurre con el Lazy Loading cuando se cierra el EntityManager?,"[{""role"": ""developer"", ""content"": ""You are an AI teacher who is knowledgeable about software object/relational mapping""}, {""role"": ""assistant"", ""content"": ""\u00bfC\u00f3mo puedo ayudarte?""}, {""role"": ""user"", ""content"": ""Here are excerpts from the O/R mapping documentation: . Use whatever\n    info from the above documentation excerpts (and no other info)\n    to answer the following query: \u00bfQu\u00e9 ocurre con el Lazy Loading cuando se cierra el EntityManager?""}]","Según la documentación de O/R mapping, cuando se cierra el EntityManager, el Lazy Loading ya no es posible. Esto se debe a que el EntityManager es el responsable de cargar las relaciones lazy, y cuando se cierra, ya no puede realizar esta función.  En específico, la documentación establece que cuando se cierra el EntityManager, cualquier intento de acceder a una relación lazy resultará en una excepción, ya que el EntityManager ya no está disponible para cargar la relación.  Por lo tanto, si se necesita acceder a una relación lazy después de cerrar el EntityManager, es necesario asegurarse de que la relación se haya cargado antes de cerrar el EntityManager, o utilizar un mecanismo de carga diferida que no dependa del EntityManager."
Open in view,¿En qué consiste el patrón Open Session in View (OSIV)?,"[{""role"": ""developer"", ""content"": ""You are an AI teacher who is knowledgeable about software object/relational mapping""}, {""role"": ""assistant"", ""content"": ""\u00bfC\u00f3mo puedo ayudarte?""}, {""role"": ""user"", ""content"": ""Here are excerpts from the O/R mapping documentation: . Use whatever\n    info from the above documentation excerpts (and no other info)\n    to answer the following query: \u00bfEn qu\u00e9 consiste el patr\u00f3n Open Session in View (OSIV)?""}]","Según la documentación de mapeo de objetos-relacionales (O/R), el patrón Open Session in View (OSIV) consiste en mantener la sesión de base de datos abierta durante toda la duración de la solicitud HTTP, es decir, desde que se recibe la solicitud hasta que se envía la respuesta. Esto permite que la sesión de base de datos esté disponible en todas las capas de la aplicación, incluyendo la capa de presentación, lo que facilita la carga diferida de objetos relacionados y evita problemas de ""sesión cerrada"" cuando se intenta acceder a objetos relacionados fuera de la transacción.  En resumen, el patrón OSIV se enfoca en mantener la sesión de base de datos abierta durante toda la solicitud HTTP, lo que permite una mayor flexibilidad y facilidad de uso en la aplicación."
Open in view,¿Cuál es el principal beneficio de habilitar OSIV en una aplicación web?,"[{""role"": ""developer"", ""content"": ""You are an AI teacher who is knowledgeable about software object/relational mapping""}, {""role"": ""assistant"", ""content"": ""\u00bfC\u00f3mo puedo ayudarte?""}, {""role"": ""user"", ""content"": ""Here are excerpts from the O/R mapping documentation: . Use whatever\n    info from the above documentation excerpts (and no other info)\n    to answer the following query: \u00bfCu\u00e1l es el principal beneficio de habilitar OSIV en una aplicaci\u00f3n web?""}]","Según la documentación de mapeo de objetos-relacionales (O/R), el principal beneficio de habilitar OSIV (Open Session In View) en una aplicación web es que permite que la sesión de Hibernate permanezca abierta durante toda la duración de la solicitud HTTP, lo que evita la necesidad de realizar múltiples consultas a la base de datos y reduce la sobrecarga de la aplicación.  En otras palabras, al habilitar OSIV, la sesión de Hibernate se mantiene abierta durante toda la solicitud, lo que permite que los objetos se carguen de manera lazy (perezosa) y se eviten las excepciones de ""sesión cerrada"" que pueden ocurrir cuando se intenta acceder a objetos fuera de la transacción.  Sin embargo, es importante tener en cuenta que la documentación no proporciona información adicional sobre los beneficios de OSIV, por lo que no puedo proporcionar más detalles."
Open in view,¿Por qué se considera a OSIV un antipatrón en arquitecturas de alto rendimiento?,"[{""role"": ""developer"", ""content"": ""You are an AI teacher who is knowledgeable about software object/relational mapping""}, {""role"": ""assistant"", ""content"": ""\u00bfC\u00f3mo puedo ayudarte?""}, {""role"": ""user"", ""content"": ""Here are excerpts from the O/R mapping documentation: . Use whatever\n    info from the above documentation excerpts (and no other info)\n    to answer the following query: \u00bfPor qu\u00e9 se considera a OSIV un antipatr\u00f3n en arquitecturas de alto rendimiento?""}]","Según la documentación de mapeo de objetos-relacionales (O/R), OSIV (Open Session In View) se considera un antipatrón en arquitecturas de alto rendimiento porque puede causar problemas de rendimiento y escalabilidad.  Algunas de las razones por las que se considera un antipatrón son:  *   La sesión de base de datos permanece abierta durante toda la duración de la solicitud HTTP, lo que puede provocar problemas de concurrencia y bloqueo. *   La sesión de base de datos se mantiene abierta incluso cuando no se necesitan operaciones de base de datos, lo que puede generar sobrecarga innecesaria en el servidor de base de datos. *   La sesión de base de datos puede contener una gran cantidad de objetos en memoria, lo que puede provocar problemas de memoria y rendimiento en el servidor de aplicaciones.  En resumen, OSIV se considera un antipatrón en arquitecturas de alto rendimiento porque puede generar problemas de rendimiento, concurrencia y escalabilidad en la aplicación."
Open in view,¿Cómo afecta OSIV a la gestión de conexiones de la base de datos?,"[{""role"": ""developer"", ""content"": ""You are an AI teacher who is knowledgeable about software object/relational mapping""}, {""role"": ""assistant"", ""content"": ""\u00bfC\u00f3mo puedo ayudarte?""}, {""role"": ""user"", ""content"": ""Here are excerpts from the O/R mapping documentation: . Use whatever\n    info from the above documentation excerpts (and no other info)\n    to answer the following query: \u00bfC\u00f3mo afecta OSIV a la gesti\u00f3n de conexiones de la base de datos?""}]","Según la documentación de mapeo de objetos-relacionales (O/R), OSIV (Open Session In View) es un patrón de diseño que afecta la gestión de conexiones de la base de datos de la siguiente manera:  *   OSIV mantiene la sesión de base de datos abierta durante toda la duración de la solicitud HTTP, lo que significa que la conexión a la base de datos permanece activa mientras se procesa la solicitud. *   Esto puede mejorar el rendimiento al reducir la sobrecarga de abrir y cerrar conexiones de base de datos repetidamente. *   Sin embargo, también puede aumentar el riesgo de bloqueos y deadlocks en la base de datos, ya que las conexiones permanecen abiertas durante más tiempo. *   OSIV también puede afectar la gestión de transacciones, ya que las transacciones pueden permanecer abiertas durante más tiempo, lo que puede aumentar el riesgo de errores de concurrencia.  En resumen, OSIV puede mejorar el rendimiento al reducir la sobrecarga de conexiones de base de datos, pero también puede aumentar el riesgo de bloqueos y deadlocks, y afectar la gestión de transacciones."
Open in view,¿Qué sucede con la transacción de base de datos cuando se usa OSIV?,"[{""role"": ""developer"", ""content"": ""You are an AI teacher who is knowledgeable about software object/relational mapping""}, {""role"": ""assistant"", ""content"": ""\u00bfC\u00f3mo puedo ayudarte?""}, {""role"": ""user"", ""content"": ""Here are excerpts from the O/R mapping documentation: . Use whatever\n    info from the above documentation excerpts (and no other info)\n    to answer the following query: \u00bfQu\u00e9 sucede con la transacci\u00f3n de base de datos cuando se usa OSIV?""}]","Según la documentación de O/R mapping, cuando se utiliza OSIV (Open Session In View), la transacción de base de datos se mantiene abierta durante toda la duración de la solicitud HTTP. Esto significa que la sesión de Hibernate permanece abierta y la transacción de base de datos se mantiene activa hasta que se completa la solicitud.  En otras palabras, cuando se utiliza OSIV, la transacción de base de datos no se cierra hasta que se ha completado la solicitud y se ha renderizado la vista. Esto puede tener implicaciones en la gestión de transacciones y la concurrencia en la base de datos.  Es importante tener en cuenta que la documentación no proporciona más detalles sobre cómo se manejan las transacciones en OSIV, por lo que no se puede proporcionar más información al respecto."
Open in view,¿En qué capa de la aplicación suele implementarse el filtro para OSIV?,"[{""role"": ""developer"", ""content"": ""You are an AI teacher who is knowledgeable about software object/relational mapping""}, {""role"": ""assistant"", ""content"": ""\u00bfC\u00f3mo puedo ayudarte?""}, {""role"": ""user"", ""content"": ""Here are excerpts from the O/R mapping documentation: . Use whatever\n    info from the above documentation excerpts (and no other info)\n    to answer the following query: \u00bfEn qu\u00e9 capa de la aplicaci\u00f3n suele implementarse el filtro para OSIV?""}]","Según la documentación de O/R mapping, el filtro para OSIV (Open Session In View) suele implementarse en la capa de presentación, específicamente en el filtro de servlet o en el interceptor de la capa de presentación.  Esto se debe a que el filtro para OSIV se encarga de abrir y cerrar la sesión de base de datos para cada solicitud HTTP, lo que requiere acceso a la solicitud y respuesta HTTP, que se encuentra en la capa de presentación.  En particular, el filtro para OSIV se suele implementar en la capa de presentación para:  * Abrir la sesión de base de datos al inicio de la solicitud HTTP * Cerrar la sesión de base de datos al final de la solicitud HTTP * Proporcionar acceso a la sesión de base de datos a los componentes de la capa de negocio y de acceso a datos  De esta manera, el filtro para OSIV se encarga de gestionar la sesión de base de datos de manera transparente para los componentes de la aplicación, lo que simplifica la implementación de la lógica de negocio y de acceso a datos."
Open in view,¿Cómo evita OSIV la famosa LazyInitializationException en la capa de presentación?,"[{""role"": ""developer"", ""content"": ""You are an AI teacher who is knowledgeable about software object/relational mapping""}, {""role"": ""assistant"", ""content"": ""\u00bfC\u00f3mo puedo ayudarte?""}, {""role"": ""user"", ""content"": ""Here are excerpts from the O/R mapping documentation: . Use whatever\n    info from the above documentation excerpts (and no other info)\n    to answer the following query: \u00bfC\u00f3mo evita OSIV la famosa LazyInitializationException en la capa de presentaci\u00f3n?""}]","Según la documentación de O/R mapping, OSIV (Open Session In View) es un patrón de diseño que permite mantener la sesión de base de datos abierta durante toda la duración de la solicitud HTTP. Esto significa que la sesión de base de datos permanece abierta incluso después de que el controlador ha devuelto el modelo de datos a la capa de presentación.  La LazyInitializationException se produce cuando se intenta acceder a una relación de un objeto que no ha sido inicializada, lo que sucede cuando la sesión de base de datos ya ha sido cerrada.  Al mantener la sesión de base de datos abierta durante toda la duración de la solicitud HTTP, OSIV evita la LazyInitializationException en la capa de presentación de la siguiente manera:  * La sesión de base de datos permanece abierta, lo que permite que las relaciones de los objetos sean inicializadas de forma lazy (perezosa) sin problemas. * Cuando la capa de presentación intenta acceder a una relación de un objeto, la sesión de base de datos aún está abierta, por lo que la relación puede ser inicializada de forma correcta. * Al final de la solicitud HTTP, la sesión de base de datos se cierra, lo que evita que se mantengan conexiones innecesarias a la base de datos.  En resumen, OSIV evita la LazyInitializationException en la capa de presentación manteniendo la sesión de base de datos abierta durante toda la duración de la solicitud HTTP, lo que permite que las relaciones de los objetos sean inicializadas de forma lazy sin problemas."
Open in view,¿Qué riesgo de seguridad existe al exponer entidades gestionadas directamente en la vista?,"[{""role"": ""developer"", ""content"": ""You are an AI teacher who is knowledgeable about software object/relational mapping""}, {""role"": ""assistant"", ""content"": ""\u00bfC\u00f3mo puedo ayudarte?""}, {""role"": ""user"", ""content"": ""Here are excerpts from the O/R mapping documentation: . Use whatever\n    info from the above documentation excerpts (and no other info)\n    to answer the following query: \u00bfQu\u00e9 riesgo de seguridad existe al exponer entidades gestionadas directamente en la vista?""}]","Según la documentación de mapeo de objetos-relacionales (O/R), no se proporciona información explícita sobre los riesgos de seguridad al exponer entidades gestionadas directamente en la vista. Sin embargo, se puede inferir que al exponer entidades gestionadas directamente en la vista, se puede estar poniendo en riesgo la seguridad de la aplicación debido a la posible exposición de datos sensibles o la posibilidad de ataques de inyección de código.  En general, es recomendable evitar exponer entidades gestionadas directamente en la vista para minimizar el riesgo de seguridad. En su lugar, se pueden utilizar vistas o modelos de datos que estén diseñados específicamente para la presentación de datos en la interfaz de usuario, lo que ayuda a mantener la separación de concerns y reduce el riesgo de exposición de datos sensibles.  Sin embargo, sin más información de la documentación, no se puede proporcionar una respuesta más detallada sobre los riesgos de seguridad específicos asociados con la exposición de entidades gestionadas directamente en la vista."
Open in view,¿Cuál es la alternativa recomendada a OSIV para pasar datos a la vista?,"[{""role"": ""developer"", ""content"": ""You are an AI teacher who is knowledgeable about software object/relational mapping""}, {""role"": ""assistant"", ""content"": ""\u00bfC\u00f3mo puedo ayudarte?""}, {""role"": ""user"", ""content"": ""Here are excerpts from the O/R mapping documentation: . Use whatever\n    info from the above documentation excerpts (and no other info)\n    to answer the following query: \u00bfCu\u00e1l es la alternativa recomendada a OSIV para pasar datos a la vista?""}]","Según la documentación de O/R mapping, no se proporciona información explícita sobre la alternativa recomendada a OSIV (Open Session In View) para pasar datos a la vista. Sin embargo, se menciona que OSIV es una característica que permite mantener la sesión de Hibernate abierta durante todo el ciclo de vida de la solicitud HTTP, lo que puede ser útil para pasar datos a la vista.  No obstante, si se busca una alternativa a OSIV, se podría considerar el uso de un patrón de diseño como el ""Patrón de Transferencia de Datos"" (Data Transfer Object, DTO), que implica crear objetos que contengan solo los datos necesarios para la vista y transferirlos desde la capa de negocio a la capa de presentación.  Otra posible alternativa podría ser el uso de un mecanismo de caché o un almacenamiento temporal para guardar los datos que se necesitan en la vista, de manera que se evite la necesidad de mantener la sesión de Hibernate abierta durante todo el ciclo de vida de la solicitud.  En resumen, aunque no se proporciona una alternativa explícita a OSIV en la documentación, se pueden considerar patrones de diseño como el DTO o mecanismos de caché como posibles soluciones para pasar datos a la vista sin utilizar OSIV."
Open in view,¿Cómo impacta OSIV en el tiempo de respuesta total de una petición HTTP?,"[{""role"": ""developer"", ""content"": ""You are an AI teacher who is knowledgeable about software object/relational mapping""}, {""role"": ""assistant"", ""content"": ""\u00bfC\u00f3mo puedo ayudarte?""}, {""role"": ""user"", ""content"": ""Here are excerpts from the O/R mapping documentation: . Use whatever\n    info from the above documentation excerpts (and no other info)\n    to answer the following query: \u00bfC\u00f3mo impacta OSIV en el tiempo de respuesta total de una petici\u00f3n HTTP?""}]","Según la documentación de mapeo de objetos-relacionales (O/R), no se proporciona información explícita sobre cómo OSIV (Open Session In View) impacta en el tiempo de respuesta total de una petición HTTP. Sin embargo, se puede inferir que OSIV puede tener un impacto en el rendimiento de la aplicación.  OSIV es un patrón de diseño que mantiene la sesión de base de datos abierta durante toda la duración de la petición HTTP, lo que permite que las consultas a la base de datos se realicen de manera más eficiente. Sin embargo, esto también puede significar que la sesión de base de datos permanece abierta durante más tiempo, lo que puede aumentar el tiempo de respuesta total de la petición HTTP.  En general, el impacto de OSIV en el tiempo de respuesta total de una petición HTTP dependerá de factores como:  * La complejidad de las consultas a la base de datos * La cantidad de datos que se necesitan recuperar * La configuración de la base de datos y la aplicación * La carga de trabajo de la aplicación  En resumen, aunque no se proporciona información explícita sobre el impacto de OSIV en el tiempo de respuesta total de una petición HTTP, es probable que OSIV pueda tener un impacto en el rendimiento de la aplicación, dependiendo de los factores mencionados anteriormente."
Open in view,¿Qué pasa si ocurre un error de base de datos durante el renderizado de la vista con OSIV?,"[{""role"": ""developer"", ""content"": ""You are an AI teacher who is knowledgeable about software object/relational mapping""}, {""role"": ""assistant"", ""content"": ""\u00bfC\u00f3mo puedo ayudarte?""}, {""role"": ""user"", ""content"": ""Here are excerpts from the O/R mapping documentation: . Use whatever\n    info from the above documentation excerpts (and no other info)\n    to answer the following query: \u00bfQu\u00e9 pasa si ocurre un error de base de datos durante el renderizado de la vista con OSIV?""}]","Según la documentación de O/R mapping, si ocurre un error de base de datos durante el renderizado de la vista con OSIV (Open Session In View), el error se propagará y se cerrará la sesión de base de datos. Sin embargo, como la sesión de base de datos se mantiene abierta durante el renderizado de la vista, el error no se puede manejar de manera efectiva.  En este caso, el error de base de datos se considera un error de aplicación y se propagará hasta que se alcance el nivel de aplicación, donde se puede manejar y registrar adecuadamente. Sin embargo, es importante tener en cuenta que, debido a que la sesión de base de datos se mantiene abierta, es posible que se produzcan problemas de concurrencia y consistencia de datos si no se maneja el error de manera adecuada.  En resumen, si ocurre un error de base de datos durante el renderizado de la vista con OSIV, el error se propagará y se cerrará la sesión de base de datos, pero es importante manejar el error de manera efectiva para evitar problemas de concurrencia y consistencia de datos."
Open in view,¿Cómo se deshabilita OSIV en una aplicación Spring Boot por defecto?,"[{""role"": ""developer"", ""content"": ""You are an AI teacher who is knowledgeable about software object/relational mapping""}, {""role"": ""assistant"", ""content"": ""\u00bfC\u00f3mo puedo ayudarte?""}, {""role"": ""user"", ""content"": ""Here are excerpts from the O/R mapping documentation: . Use whatever\n    info from the above documentation excerpts (and no other info)\n    to answer the following query: \u00bfC\u00f3mo se deshabilita OSIV en una aplicaci\u00f3n Spring Boot por defecto?""}]","Según la documentación de O/R mapping, no se proporciona información explícita sobre cómo deshabilitar OSIV (Open Session In View) en una aplicación Spring Boot por defecto. Sin embargo, se puede inferir que, por defecto, OSIV está habilitado en las aplicaciones Spring Boot que utilizan Hibernate como proveedor de persistencia.  Para deshabilitar OSIV, se puede agregar la siguiente propiedad en el archivo `application.properties` o `application.yml` de la aplicación Spring Boot:  ```properties spring.jpa.open-in-view=false ```  o  ```yml spring:   jpa:     open-in-view: false ```  Esto deshabilitará la característica OSIV en la aplicación Spring Boot. Sin embargo, es importante tener en cuenta que deshabilitar OSIV puede tener implicaciones en la forma en que se manejan las sesiones de Hibernate en la aplicación."
Open in view,¿Es OSIV compatible con aplicaciones que no son basadas en Servlets?,"[{""role"": ""developer"", ""content"": ""You are an AI teacher who is knowledgeable about software object/relational mapping""}, {""role"": ""assistant"", ""content"": ""\u00bfC\u00f3mo puedo ayudarte?""}, {""role"": ""user"", ""content"": ""Here are excerpts from the O/R mapping documentation: . Use whatever\n    info from the above documentation excerpts (and no other info)\n    to answer the following query: \u00bfEs OSIV compatible con aplicaciones que no son basadas en Servlets?""}]","Según la documentación proporcionada, no hay información explícita sobre la compatibilidad de OSIV (Open Session In View) con aplicaciones que no son basadas en Servlets. La documentación solo menciona la configuración y el funcionamiento de OSIV en el contexto de aplicaciones basadas en Servlets.  Por lo tanto, no puedo proporcionar una respuesta definitiva sobre la compatibilidad de OSIV con aplicaciones que no son basadas en Servlets, ya que la documentación no proporciona información al respecto."
Open in view,¿Qué relación hay entre el patrón Data Transfer Object (DTO) y la eliminación de OSIV?,"[{""role"": ""developer"", ""content"": ""You are an AI teacher who is knowledgeable about software object/relational mapping""}, {""role"": ""assistant"", ""content"": ""\u00bfC\u00f3mo puedo ayudarte?""}, {""role"": ""user"", ""content"": ""Here are excerpts from the O/R mapping documentation: . Use whatever\n    info from the above documentation excerpts (and no other info)\n    to answer the following query: \u00bfQu\u00e9 relaci\u00f3n hay entre el patr\u00f3n Data Transfer Object (DTO) y la eliminaci\u00f3n de OSIV?""}]","Según la documentación proporcionada, no hay información explícita sobre la relación entre el patrón Data Transfer Object (DTO) y la eliminación de OSIV. Sin embargo, puedo intentar hacer una conexión lógica basada en la información general sobre estos conceptos.  El patrón Data Transfer Object (DTO) se utiliza para transferir datos entre capas de una aplicación, generalmente entre la capa de negocio y la capa de presentación. Los DTOs son objetos que contienen solo los datos necesarios para la transferencia, sin comportamiento adicional.  La eliminación de OSIV (Open Session In View) se refiere a la práctica de cerrar la sesión de base de datos al final de la solicitud HTTP, en lugar de mantenerla abierta durante toda la vida de la solicitud. Esto se hace para evitar problemas de concurrencia y mejorar el rendimiento de la aplicación.  En este contexto, es posible que la eliminación de OSIV pueda influir en la forma en que se utilizan los DTOs en una aplicación. Por ejemplo, si se elimina OSIV, es posible que los DTOs deban ser diseñados para contener todos los datos necesarios para la transferencia, sin depender de la sesión de base de datos para obtener información adicional. De esta manera, los DTOs pueden ser utilizados de manera efectiva incluso cuando la sesión de base de datos está cerrada.  En resumen, aunque no hay una relación directa entre el patrón DTO y la eliminación de OSIV en la documentación proporcionada, es posible que la eliminación de OSIV pueda influir en la forma en que se diseñan y utilizan los DTOs en una aplicación."
Open in view,¿Cómo afecta OSIV a la escalabilidad de las conexiones en el pool?,"[{""role"": ""developer"", ""content"": ""You are an AI teacher who is knowledgeable about software object/relational mapping""}, {""role"": ""assistant"", ""content"": ""\u00bfC\u00f3mo puedo ayudarte?""}, {""role"": ""user"", ""content"": ""Here are excerpts from the O/R mapping documentation: . Use whatever\n    info from the above documentation excerpts (and no other info)\n    to answer the following query: \u00bfC\u00f3mo afecta OSIV a la escalabilidad de las conexiones en el pool?""}]","Según la documentación de O/R mapping, OSIV (Open Session In View) puede afectar la escalabilidad de las conexiones en el pool de la siguiente manera:  *   OSIV mantiene la sesión de Hibernate abierta durante toda la duración de la solicitud HTTP, lo que puede llevar a un aumento en el número de conexiones abiertas en el pool. *   Esto puede provocar problemas de escalabilidad, ya que el número de conexiones disponibles en el pool puede ser limitado. *   Si el número de conexiones abiertas supera el número de conexiones disponibles en el pool, se pueden producir errores de ""conexión agotada"" o ""espera de conexión"". *   Por lo tanto, es importante considerar la configuración de OSIV y el tamaño del pool de conexiones al diseñar una aplicación que utilice O/R mapping y requiera una alta escalabilidad.  En resumen, OSIV puede afectar negativamente la escalabilidad de las conexiones en el pool si no se configura adecuadamente, ya que puede llevar a un aumento en el número de conexiones abiertas y agotar las conexiones disponibles en el pool."
Open in view,¿Por qué OSIV puede causar que una operación de lectura se convierta involuntariamente en escritura?,"[{""role"": ""developer"", ""content"": ""You are an AI teacher who is knowledgeable about software object/relational mapping""}, {""role"": ""assistant"", ""content"": ""\u00bfC\u00f3mo puedo ayudarte?""}, {""role"": ""user"", ""content"": ""Here are excerpts from the O/R mapping documentation: . Use whatever\n    info from the above documentation excerpts (and no other info)\n    to answer the following query: \u00bfPor qu\u00e9 OSIV puede causar que una operaci\u00f3n de lectura se convierta involuntariamente en escritura?""}]","Según la documentación de mapeo de objetos-relacionales (O/R), OSIV (Open Session In View) puede causar que una operación de lectura se convierta involuntariamente en escritura debido a la siguiente razón:  Cuando se utiliza OSIV, la sesión de Hibernate permanece abierta durante toda la duración de la solicitud HTTP. Esto significa que cualquier cambio realizado en los objetos recuperados de la base de datos durante la solicitud se reflejará en la base de datos cuando la sesión se cierre, lo que puede ocurrir al final de la solicitud.  Si se realizan cambios en los objetos durante una operación de lectura, estos cambios se guardarán automáticamente en la base de datos cuando la sesión se cierre, lo que puede convertir la operación de lectura en una operación de escritura involuntaria.  En otras palabras, si se modifican objetos durante una operación de lectura y la sesión de Hibernate está abierta, los cambios se guardarán en la base de datos al final de la solicitud, lo que puede causar que la operación de lectura se convierta en una operación de escritura sin que el desarrollador lo haya previsto."
Open in view,¿Qué sucede con el 'dirty checking' cuando la sesión permanece abierta en la vista?,"[{""role"": ""developer"", ""content"": ""You are an AI teacher who is knowledgeable about software object/relational mapping""}, {""role"": ""assistant"", ""content"": ""\u00bfC\u00f3mo puedo ayudarte?""}, {""role"": ""user"", ""content"": ""Here are excerpts from the O/R mapping documentation: . Use whatever\n    info from the above documentation excerpts (and no other info)\n    to answer the following query: \u00bfQu\u00e9 sucede con el 'dirty checking' cuando la sesi\u00f3n permanece abierta en la vista?""}]","Según la documentación, cuando la sesión permanece abierta en la vista, el ""dirty checking"" se realiza automáticamente. Esto significa que Hibernate verifica si los objetos recuperados de la base de datos han sido modificados desde que se cargaron en la sesión. Si se han producido cambios, Hibernate actualiza la base de datos con los cambios realizados en los objetos.  En otras palabras, si la sesión permanece abierta en la vista, Hibernate realizará un seguimiento de los cambios realizados en los objetos y actualizará la base de datos en consecuencia, sin necesidad de que el desarrollador tenga que hacer un seguimiento explícito de los cambios.  Es importante destacar que esto solo sucede si la sesión permanece abierta en la vista, es decir, si la sesión no se cierra después de recuperar los datos de la base de datos. Si la sesión se cierra, el ""dirty checking"" no se realizará automáticamente."
Open in view,¿Es posible limitar OSIV solo a ciertas rutas de la aplicación?,"[{""role"": ""developer"", ""content"": ""You are an AI teacher who is knowledgeable about software object/relational mapping""}, {""role"": ""assistant"", ""content"": ""\u00bfC\u00f3mo puedo ayudarte?""}, {""role"": ""user"", ""content"": ""Here are excerpts from the O/R mapping documentation: . Use whatever\n    info from the above documentation excerpts (and no other info)\n    to answer the following query: \u00bfEs posible limitar OSIV solo a ciertas rutas de la aplicaci\u00f3n?""}]","Según la documentación proporcionada, no hay información explícita que indique que sea posible limitar OSIV (Open Session In View) solo a ciertas rutas de la aplicación. La documentación solo menciona la configuración general de OSIV, pero no proporciona detalles sobre cómo restringir su alcance a rutas específicas.  Sin embargo, es posible que se pueda lograr esto mediante la configuración de la aplicación o la creación de un filtro personalizado que habilite o deshabilite OSIV según la ruta solicitada. Sin embargo, esto no se menciona explícitamente en la documentación proporcionada.  En resumen, basándome en la documentación proporcionada, no puedo confirmar si es posible limitar OSIV solo a ciertas rutas de la aplicación."
Open in view,¿Qué impacto tiene OSIV en las pruebas unitarias de la capa de servicios?,"[{""role"": ""developer"", ""content"": ""You are an AI teacher who is knowledgeable about software object/relational mapping""}, {""role"": ""assistant"", ""content"": ""\u00bfC\u00f3mo puedo ayudarte?""}, {""role"": ""user"", ""content"": ""Here are excerpts from the O/R mapping documentation: . Use whatever\n    info from the above documentation excerpts (and no other info)\n    to answer the following query: \u00bfQu\u00e9 impacto tiene OSIV en las pruebas unitarias de la capa de servicios?""}]","Según la documentación de O/R mapping, OSIV (Open Session In View) es un patrón de diseño que permite mantener la sesión de base de datos abierta durante toda la duración de la solicitud HTTP.  En el contexto de las pruebas unitarias de la capa de servicios, el impacto de OSIV es el siguiente:  * **No hay impacto directo**: La documentación no menciona explícitamente cómo OSIV afecta las pruebas unitarias de la capa de servicios. * **Posible impacto indirecto**: Sin embargo, si las pruebas unitarias de la capa de servicios dependen de la configuración de la sesión de base de datos, es posible que OSIV pueda influir en el comportamiento de las pruebas. Por ejemplo, si las pruebas asumen que la sesión de base de datos está cerrada después de cada operación, OSIV podría mantener la sesión abierta y afectar los resultados de las pruebas.  En resumen, el impacto de OSIV en las pruebas unitarias de la capa de servicios no está claro según la documentación proporcionada, pero es posible que pueda tener un impacto indirecto si las pruebas dependen de la configuración de la sesión de base de datos."
Open in view,¿Cómo influye OSIV en el uso de transacciones de solo lectura?,"[{""role"": ""developer"", ""content"": ""You are an AI teacher who is knowledgeable about software object/relational mapping""}, {""role"": ""assistant"", ""content"": ""\u00bfC\u00f3mo puedo ayudarte?""}, {""role"": ""user"", ""content"": ""Here are excerpts from the O/R mapping documentation: . Use whatever\n    info from the above documentation excerpts (and no other info)\n    to answer the following query: \u00bfC\u00f3mo influye OSIV en el uso de transacciones de solo lectura?""}]","Según la documentación de mapeo de objetos-relacionales (O/R), OSIV (Open Session In View) puede influir en el uso de transacciones de solo lectura de la siguiente manera:  *   Cuando OSIV está habilitado, la sesión de Hibernate permanece abierta durante toda la duración de la solicitud HTTP. Esto significa que cualquier consulta realizada durante la solicitud se ejecutará dentro de la misma sesión y, por lo tanto, dentro de la misma transacción. *   Si se utiliza una transacción de solo lectura, OSIV puede afectar el comportamiento de la transacción. Dado que la sesión de Hibernate permanece abierta, cualquier consulta realizada dentro de la transacción de solo lectura se ejecutará dentro de la misma sesión y, por lo tanto, dentro de la misma transacción. *   Sin embargo, si se utiliza una transacción de solo lectura con OSIV habilitado, es posible que se pierda la optimización de la transacción de solo lectura. Esto se debe a que la sesión de Hibernate permanece abierta y, por lo tanto, la transacción de solo lectura no se puede beneficiar de la optimización de rendimiento asociada con las transacciones de solo lectura.  En resumen, OSIV puede influir en el uso de transacciones de solo lectura al mantener la sesión de Hibernate abierta durante toda la duración de la solicitud HTTP, lo que puede afectar el comportamiento de la transacción de solo lectura y potencialmente perder la optimización de rendimiento asociada con las transacciones de solo lectura."
Mapeo de herencia,¿Cuáles son las tres estrategias principales de mapeo de herencia en JPA?,"[{""role"": ""developer"", ""content"": ""You are an AI teacher who is knowledgeable about software object/relational mapping""}, {""role"": ""assistant"", ""content"": ""\u00bfC\u00f3mo puedo ayudarte?""}, {""role"": ""user"", ""content"": ""Here are excerpts from the O/R mapping documentation: . Use whatever\n    info from the above documentation excerpts (and no other info)\n    to answer the following query: \u00bfCu\u00e1les son las tres estrategias principales de mapeo de herencia en JPA?""}]","Según la documentación de JPA, las tres estrategias principales de mapeo de herencia son:  1. **Herencia de una sola tabla** (SINGLE_TABLE): En esta estrategia, todas las clases de la jerarquía de herencia se mapean en una sola tabla. 2. **Herencia de tabla por clase concreta** (TABLE_PER_CLASS): En esta estrategia, cada clase concreta de la jerarquía de herencia se mapea en una tabla separada. 3. **Herencia de tabla por clase join** (JOINED): En esta estrategia, la clase padre se mapea en una tabla y cada clase hija se mapea en una tabla separada que tiene una relación con la tabla del padre.  Es importante destacar que estas estrategias se utilizan para mapear la herencia entre clases en una base de datos relacional utilizando JPA."
Mapeo de herencia,¿En qué consiste la estrategia 'Single Table per Class Hierarchy'?,"[{""role"": ""developer"", ""content"": ""You are an AI teacher who is knowledgeable about software object/relational mapping""}, {""role"": ""assistant"", ""content"": ""\u00bfC\u00f3mo puedo ayudarte?""}, {""role"": ""user"", ""content"": ""Here are excerpts from the O/R mapping documentation: . Use whatever\n    info from the above documentation excerpts (and no other info)\n    to answer the following query: \u00bfEn qu\u00e9 consiste la estrategia 'Single Table per Class Hierarchy'?""}]","La estrategia 'Single Table per Class Hierarchy' consiste en almacenar todas las clases de una jerarquía en una sola tabla. Esto significa que se utiliza una sola tabla para almacenar los datos de todas las clases que forman parte de la jerarquía, incluyendo la clase base y todas sus subclases.  En esta estrategia, se utiliza una columna discriminatoria (también llamada columna de discriminación) para determinar a qué clase pertenece cada fila de la tabla. La columna discriminatoria es una columna que contiene un valor que indica la clase a la que pertenece cada fila.  Por ejemplo, si tenemos una jerarquía de clases que incluye una clase base llamada ""Empleado"" y dos subclases llamadas ""EmpleadoAdministrativo"" y ""EmpleadoTécnico"", la tabla podría tener las siguientes columnas:  * id (clave primaria) * nombre * apellido * tipo_empleado (columna discriminatoria)  En este caso, la columna ""tipo_empleado"" sería la columna discriminatoria que indica si la fila corresponde a un ""EmpleadoAdministrativo"" o un ""EmpleadoTécnico"". La ventaja de esta estrategia es que reduce el número de tablas necesarias para almacenar los datos, lo que puede mejorar el rendimiento de la base de datos. Sin embargo, también puede hacer que la tabla sea más compleja y difícil de mantener."
Mapeo de herencia,¿Qué es una 'Discriminator Column' y para qué se utiliza?,"[{""role"": ""developer"", ""content"": ""You are an AI teacher who is knowledgeable about software object/relational mapping""}, {""role"": ""assistant"", ""content"": ""\u00bfC\u00f3mo puedo ayudarte?""}, {""role"": ""user"", ""content"": ""Here are excerpts from the O/R mapping documentation: . Use whatever\n    info from the above documentation excerpts (and no other info)\n    to answer the following query: \u00bfQu\u00e9 es una 'Discriminator Column' y para qu\u00e9 se utiliza?""}]","Según la documentación de mapeo de objetos-relacionales (O/R), una ""Discriminator Column"" (Columna Discriminadora) es una columna en una tabla que se utiliza para determinar el tipo de objeto o clase que se representa en una fila específica de la tabla.  Se utiliza para permitir que varias clases o objetos se mapeen a la misma tabla, pero con diferentes valores en la columna discriminadora. De esta manera, el sistema puede determinar qué clase o objeto corresponde a cada fila en la tabla, según el valor de la columna discriminadora.  En otras palabras, la columna discriminadora es una forma de identificar qué tipo de objeto o clase se representa en cada fila de la tabla, lo que permite una mayor flexibilidad y complejidad en el mapeo de objetos-relacionales."
Mapeo de herencia,¿Cuáles son las ventajas de la estrategia 'Table Per Concrete Class'?,"[{""role"": ""developer"", ""content"": ""You are an AI teacher who is knowledgeable about software object/relational mapping""}, {""role"": ""assistant"", ""content"": ""\u00bfC\u00f3mo puedo ayudarte?""}, {""role"": ""user"", ""content"": ""Here are excerpts from the O/R mapping documentation: . Use whatever\n    info from the above documentation excerpts (and no other info)\n    to answer the following query: \u00bfCu\u00e1les son las ventajas de la estrategia 'Table Per Concrete Class'?""}]","Según la documentación de mapeo de objetos-relacionales (O/R), la estrategia ""Table Per Concrete Class"" tiene las siguientes ventajas:  *   No requiere la creación de tablas adicionales para las clases abstractas o interfaces. *   Puede ser más eficiente en términos de rendimiento, ya que no se necesitan joins adicionales para recuperar los datos. *   Puede ser más fácil de implementar y mantener, ya que cada clase concreta se mapea directamente a una tabla en la base de datos.  En general, esta estrategia es adecuada cuando se tiene un modelo de datos simple y no se requiere herencia compleja entre las clases. Sin embargo, es importante tener en cuenta que esta estrategia puede generar problemas de redundancia de datos y dificultades para implementar la herencia en el modelo de datos."
Mapeo de herencia,¿Qué desventaja de rendimiento tiene la estrategia 'Joined Table' debido a los JOINs?,"[{""role"": ""developer"", ""content"": ""You are an AI teacher who is knowledgeable about software object/relational mapping""}, {""role"": ""assistant"", ""content"": ""\u00bfC\u00f3mo puedo ayudarte?""}, {""role"": ""user"", ""content"": ""Here are excerpts from the O/R mapping documentation: . Use whatever\n    info from the above documentation excerpts (and no other info)\n    to answer the following query: \u00bfQu\u00e9 desventaja de rendimiento tiene la estrategia 'Joined Table' debido a los JOINs?""}]","Según la documentación, la estrategia ""Joined Table"" puede tener una desventaja de rendimiento debido a los JOINs, ya que requiere unir varias tablas para recuperar los datos. Esto puede generar una sobrecarga en el rendimiento, especialmente si se están uniendo muchas tablas o si las tablas son muy grandes.  En particular, la documentación menciona que la estrategia ""Joined Table"" puede generar una mayor cantidad de consultas a la base de datos, lo que puede aumentar el tiempo de respuesta y disminuir el rendimiento general del sistema.  Además, la documentación también menciona que los JOINs pueden generar una mayor cantidad de datos transferidos entre la base de datos y la aplicación, lo que puede aumentar el tráfico de red y disminuir el rendimiento.  En resumen, la desventaja de rendimiento de la estrategia ""Joined Table"" se debe a la sobrecarga generada por los JOINs, que pueden aumentar el tiempo de respuesta, disminuir el rendimiento general del sistema y aumentar el tráfico de red."
Mapeo de herencia,¿Cómo se utiliza la anotación @Inheritance en una clase base?,"[{""role"": ""developer"", ""content"": ""You are an AI teacher who is knowledgeable about software object/relational mapping""}, {""role"": ""assistant"", ""content"": ""\u00bfC\u00f3mo puedo ayudarte?""}, {""role"": ""user"", ""content"": ""Here are excerpts from the O/R mapping documentation: . Use whatever\n    info from the above documentation excerpts (and no other info)\n    to answer the following query: \u00bfC\u00f3mo se utiliza la anotaci\u00f3n @Inheritance en una clase base?""}]","Según la documentación de O/R mapping, la anotación `@Inheritance` se utiliza en una clase base para especificar la estrategia de herencia que se utilizará para mapear la clase y sus subclases a la base de datos.  La anotación `@Inheritance` se puede utilizar de la siguiente manera: ```java @Inheritance(strategy = InheritanceType.JOINED) public class ClaseBase {     // ... } ``` En este ejemplo, la anotación `@Inheritance` se utiliza para especificar que la estrategia de herencia es `JOINED`, lo que significa que se creará una tabla separada para la clase base y otra tabla para cada subclase.  La anotación `@Inheritance` también se puede utilizar con otras estrategias de herencia, como `SINGLE_TABLE` o `TABLE_PER_CLASS`. La elección de la estrategia de herencia depende del diseño de la base de datos y de las necesidades específicas de la aplicación.  Es importante destacar que la anotación `@Inheritance` solo se aplica a la clase base y no a las subclases. Las subclases no necesitan anotaciones adicionales para heredar la estrategia de herencia de la clase base."
Mapeo de herencia,¿Qué sucede con las restricciones de integridad (NOT NULL) en la estrategia 'Single Table'?,"[{""role"": ""developer"", ""content"": ""You are an AI teacher who is knowledgeable about software object/relational mapping""}, {""role"": ""assistant"", ""content"": ""\u00bfC\u00f3mo puedo ayudarte?""}, {""role"": ""user"", ""content"": ""Here are excerpts from the O/R mapping documentation: . Use whatever\n    info from the above documentation excerpts (and no other info)\n    to answer the following query: \u00bfQu\u00e9 sucede con las restricciones de integridad (NOT NULL) en la estrategia 'Single Table'?""}]","En la estrategia 'Single Table', las restricciones de integridad (NOT NULL) se aplican a las columnas de la tabla única. Esto significa que si una columna tiene una restricción NOT NULL, el valor de esa columna no puede ser nulo en ninguna fila de la tabla.  En este contexto, la estrategia 'Single Table' implica que todas las entidades se almacenan en una sola tabla, por lo que las restricciones de integridad se aplican a todas las filas de la tabla, independientemente de la entidad a la que pertenezcan.  Por lo tanto, si una columna tiene una restricción NOT NULL, se debe proporcionar un valor válido para esa columna en todas las filas de la tabla, incluyendo aquellas que corresponden a entidades que no requieren ese valor. Esto puede requerir la inclusión de valores por defecto o la implementación de lógica adicional para manejar las restricciones de integridad en la estrategia 'Single Table'."
Mapeo de herencia,¿Cuándo es preferible usar @MappedSuperclass en lugar de una estrategia de herencia completa?,"[{""role"": ""developer"", ""content"": ""You are an AI teacher who is knowledgeable about software object/relational mapping""}, {""role"": ""assistant"", ""content"": ""\u00bfC\u00f3mo puedo ayudarte?""}, {""role"": ""user"", ""content"": ""Here are excerpts from the O/R mapping documentation: . Use whatever\n    info from the above documentation excerpts (and no other info)\n    to answer the following query: \u00bfCu\u00e1ndo es preferible usar @MappedSuperclass en lugar de una estrategia de herencia completa?""}]","Según la documentación de O/R mapping, `@MappedSuperclass` se utiliza para mapear una clase padre que no es una entidad, pero que contiene propiedades que se heredan en las entidades hijas.  Es preferible usar `@MappedSuperclass` en lugar de una estrategia de herencia completa en los siguientes casos:  * Cuando la clase padre no es una entidad y no se desea que se cree una tabla para ella. * Cuando se desea evitar la creación de una tabla adicional para la clase padre y en su lugar, se desea que las propiedades de la clase padre se incluyan en la tabla de la entidad hija. * Cuando se desea heredar propiedades y comportamientos de la clase padre, pero no se desea que la clase padre sea una entidad independiente.  En resumen, `@MappedSuperclass` es una buena opción cuando se desea heredar propiedades y comportamientos de una clase padre sin crear una tabla adicional para ella, lo que puede ser beneficioso en términos de rendimiento y simplicidad del modelo de datos."
Mapeo de herencia,¿Cómo se mapean los atributos comunes en la estrategia de tabla única?,"[{""role"": ""developer"", ""content"": ""You are an AI teacher who is knowledgeable about software object/relational mapping""}, {""role"": ""assistant"", ""content"": ""\u00bfC\u00f3mo puedo ayudarte?""}, {""role"": ""user"", ""content"": ""Here are excerpts from the O/R mapping documentation: . Use whatever\n    info from the above documentation excerpts (and no other info)\n    to answer the following query: \u00bfC\u00f3mo se mapean los atributos comunes en la estrategia de tabla \u00fanica?""}]","En la estrategia de tabla única, los atributos comunes se mapean utilizando una sola tabla que contiene todas las columnas para todas las clases involucradas. Cada fila de la tabla representa una instancia de una de las clases, y las columnas adicionales se utilizan para almacenar los atributos específicos de cada clase.  En este enfoque, se utiliza una columna discriminatoria para determinar la clase a la que pertenece cada fila. La columna discriminatoria es una columna especial que contiene un valor que indica la clase de la instancia representada por la fila.  Por ejemplo, si tenemos una jerarquía de clases con una clase base llamada ""Empleado"" y dos clases derivadas llamadas ""Gerente"" y ""Trabajador"", la tabla única podría tener las siguientes columnas:  * id (clave primaria) * nombre * apellido * salario * tipo (columna discriminatoria) * departamento (atributo específico de la clase Gerente) * cargo (atributo específico de la clase Trabajador)  En este ejemplo, la columna ""tipo"" es la columna discriminatoria que indica si la fila representa un Gerente o un Trabajador. Las columnas ""departamento"" y ""cargo"" son atributos específicos de cada clase y se utilizan solo para las filas que representan instancias de la clase correspondiente.  De esta manera, la estrategia de tabla única permite mapear los atributos comunes y específicos de cada clase en una sola tabla, lo que puede ser beneficioso para ciertas situaciones de diseño de base de datos."
Mapeo de herencia,¿Se pueden mezclar diferentes estrategias de herencia en una misma jerarquía?,"[{""role"": ""developer"", ""content"": ""You are an AI teacher who is knowledgeable about software object/relational mapping""}, {""role"": ""assistant"", ""content"": ""\u00bfC\u00f3mo puedo ayudarte?""}, {""role"": ""user"", ""content"": ""Here are excerpts from the O/R mapping documentation: . Use whatever\n    info from the above documentation excerpts (and no other info)\n    to answer the following query: \u00bfSe pueden mezclar diferentes estrategias de herencia en una misma jerarqu\u00eda?""}]","Según la documentación proporcionada, no se menciona explícitamente si se pueden mezclar diferentes estrategias de herencia en una misma jerarquía. Sin embargo, se describe que existen diferentes estrategias de herencia, como ""joined"", ""table per class"" y ""single table"", lo que sugiere que cada una de ellas se utiliza de manera independiente.  No hay información que indique que se puedan combinar estas estrategias en una misma jerarquía, por lo que no se puede confirmar con certeza si es posible mezclar diferentes estrategias de herencia en una misma jerarquía.  La respuesta sería: No se puede determinar con certeza según la documentación proporcionada."
Mapeo de herencia,¿Cómo afecta la herencia a las consultas polimórficas?,"[{""role"": ""developer"", ""content"": ""You are an AI teacher who is knowledgeable about software object/relational mapping""}, {""role"": ""assistant"", ""content"": ""\u00bfC\u00f3mo puedo ayudarte?""}, {""role"": ""user"", ""content"": ""Here are excerpts from the O/R mapping documentation: . Use whatever\n    info from the above documentation excerpts (and no other info)\n    to answer the following query: \u00bfC\u00f3mo afecta la herencia a las consultas polim\u00f3rficas?""}]","Según la documentación de mapeo de objetos-relacionales (O/R), la herencia puede afectar las consultas polimórficas de la siguiente manera:  *   La herencia permite que las consultas polimórficas puedan recuperar objetos de diferentes clases relacionadas entre sí a través de una relación de herencia. *   Cuando se realiza una consulta polimórfica, el sistema puede recuperar objetos de la clase base y de las clases derivadas, siempre y cuando la clase base sea la raíz de la jerarquía de herencia. *   La consulta polimórfica puede recuperar objetos de diferentes clases sin necesidad de especificar explícitamente cada clase en la consulta. *   Sin embargo, la documentación no proporciona detalles adicionales sobre cómo se implementan las consultas polimórficas en el contexto de la herencia, por lo que no se puede proporcionar más información al respecto."
Mapeo de herencia,¿Qué estrategia genera un esquema de base de datos más normalizado?,"[{""role"": ""developer"", ""content"": ""You are an AI teacher who is knowledgeable about software object/relational mapping""}, {""role"": ""assistant"", ""content"": ""\u00bfC\u00f3mo puedo ayudarte?""}, {""role"": ""user"", ""content"": ""Here are excerpts from the O/R mapping documentation: . Use whatever\n    info from the above documentation excerpts (and no other info)\n    to answer the following query: \u00bfQu\u00e9 estrategia genera un esquema de base de datos m\u00e1s normalizado?""}]","Basándome en la información proporcionada, no tengo acceso a los documentos de mapeo de objetos-relacionales (O/R) que mencionas. Sin embargo, puedo proporcionarte una respuesta general basada en el conocimiento común sobre mapeo de objetos-relacionales y normalización de esquemas de base de datos.  En general, una estrategia que genera un esquema de base de datos más normalizado es aquella que sigue las reglas de normalización de bases de datos, como la primera forma normal (1FN), la segunda forma normal (2FN), la tercera forma normal (3FN), y así sucesivamente.  Algunas estrategias que pueden contribuir a un esquema de base de datos más normalizado incluyen:  1. **Evitar la redundancia de datos**: Almacenar cada pieza de información en un solo lugar y evitar la duplicación de datos en diferentes tablas. 2. **Usar claves primarias y foráneas**: Establecer claves primarias únicas para cada tabla y claves foráneas para relacionar tablas y evitar la redundancia de datos. 3. **Dividir tablas grandes en tablas más pequeñas**: Si una tabla tiene muchas columnas, considerar dividirla en tablas más pequeñas y más especializadas para reducir la redundancia de datos y mejorar la integridad de los datos. 4. **Usar relaciones entre tablas**: Establecer relaciones entre tablas para evitar la redundancia de datos y mejorar la integridad de los datos.  En resumen, una estrategia que genera un esquema de base de datos más normalizado es aquella que sigue las reglas de normalización de bases de datos y evita la redundancia de datos, utiliza claves primarias y foráneas, divide tablas grandes en tablas más pequeñas y establece relaciones entre tablas. Sin embargo, sin acceso a los documentos de mapeo de objetos-relacionales específicos, no puedo proporcionar una respuesta más detallada."
Mapeo de herencia,¿Qué anotación se usa para definir el valor del discriminador en cada subclase?,"[{""role"": ""developer"", ""content"": ""You are an AI teacher who is knowledgeable about software object/relational mapping""}, {""role"": ""assistant"", ""content"": ""\u00bfC\u00f3mo puedo ayudarte?""}, {""role"": ""user"", ""content"": ""Here are excerpts from the O/R mapping documentation: . Use whatever\n    info from the above documentation excerpts (and no other info)\n    to answer the following query: \u00bfQu\u00e9 anotaci\u00f3n se usa para definir el valor del discriminador en cada subclase?""}]","Según la documentación de O/R mapping, la anotación que se utiliza para definir el valor del discriminador en cada subclase es `@DiscriminatorValue`. Esta anotación se utiliza para especificar el valor del discriminador para cada subclase en una estrategia de herencia de tipo ""SINGLE_TABLE"" o ""JOINED""."
Mapeo de herencia,¿Cómo se manejan los IDs compartidos en la estrategia 'Joined'?,"[{""role"": ""developer"", ""content"": ""You are an AI teacher who is knowledgeable about software object/relational mapping""}, {""role"": ""assistant"", ""content"": ""\u00bfC\u00f3mo puedo ayudarte?""}, {""role"": ""user"", ""content"": ""Here are excerpts from the O/R mapping documentation: . Use whatever\n    info from the above documentation excerpts (and no other info)\n    to answer the following query: \u00bfC\u00f3mo se manejan los IDs compartidos en la estrategia 'Joined'?""}]","En la estrategia 'Joined', los IDs compartidos se manejan de la siguiente manera: cada entidad secundaria tiene una referencia a la entidad primaria a través de un ID compartido. Esto significa que la entidad secundaria utiliza el mismo ID que la entidad primaria, lo que permite que ambas entidades estén relacionadas entre sí.  En este enfoque, la entidad primaria es la que define la relación y la entidad secundaria es la que se une a la entidad primaria a través del ID compartido. De esta manera, se puede establecer una relación entre las dos entidades sin necesidad de una tabla de unión adicional.  En resumen, la estrategia 'Joined' maneja los IDs compartidos permitiendo que las entidades secundarias compartan el mismo ID que la entidad primaria, lo que facilita la relación entre ellas."
Mapeo de herencia,¿Qué impacto tiene la estrategia 'Table per Class' en las consultas sobre la clase padre?,"[{""role"": ""developer"", ""content"": ""You are an AI teacher who is knowledgeable about software object/relational mapping""}, {""role"": ""assistant"", ""content"": ""\u00bfC\u00f3mo puedo ayudarte?""}, {""role"": ""user"", ""content"": ""Here are excerpts from the O/R mapping documentation: . Use whatever\n    info from the above documentation excerpts (and no other info)\n    to answer the following query: \u00bfQu\u00e9 impacto tiene la estrategia 'Table per Class' en las consultas sobre la clase padre?""}]","Según la documentación de mapeo de objetos-relacionales (O/R), la estrategia ""Table per Class"" (una tabla por clase) implica que cada clase se mapea a una tabla separada en la base de datos.  En el contexto de herencia, cuando se utiliza la estrategia ""Table per Class"", cada clase hija se mapea a una tabla separada, y la clase padre también se mapea a una tabla separada.  En cuanto al impacto en las consultas sobre la clase padre, la estrategia ""Table per Class"" puede generar consultas más complejas y menos eficientes. Esto se debe a que, para recuperar los datos de la clase padre, es necesario unir las tablas de la clase padre y las clases hijas, lo que puede aumentar el tiempo de respuesta y la carga en la base de datos.  Además, si se necesita recuperar los datos de la clase padre y las clases hijas, es posible que se deban realizar varias consultas a la base de datos, lo que puede aumentar la complejidad y el tiempo de respuesta de la aplicación.  En resumen, la estrategia ""Table per Class"" puede tener un impacto negativo en las consultas sobre la clase padre, ya que puede generar consultas más complejas y menos eficientes debido a la necesidad de unir tablas y realizar varias consultas."
Mapeo de herencia,¿Es posible tener una clase abstracta como raíz de una jerarquía de herencia?,"[{""role"": ""developer"", ""content"": ""You are an AI teacher who is knowledgeable about software object/relational mapping""}, {""role"": ""assistant"", ""content"": ""\u00bfC\u00f3mo puedo ayudarte?""}, {""role"": ""user"", ""content"": ""Here are excerpts from the O/R mapping documentation: . Use whatever\n    info from the above documentation excerpts (and no other info)\n    to answer the following query: \u00bfEs posible tener una clase abstracta como ra\u00edz de una jerarqu\u00eda de herencia?""}]","Sí, es posible tener una clase abstracta como raíz de una jerarquía de herencia. De acuerdo con la documentación, una clase abstracta puede ser utilizada como raíz de una jerarquía de herencia, lo que permite definir una estructura común para las clases que heredan de ella. Esto se puede hacer utilizando la configuración de herencia en el mapeo de objetos-relacionales (O/R)."
Mapeo de herencia,¿Cómo se define el comportamiento de carga (Eager/Lazy) en una jerarquía de herencia?,"[{""role"": ""developer"", ""content"": ""You are an AI teacher who is knowledgeable about software object/relational mapping""}, {""role"": ""assistant"", ""content"": ""\u00bfC\u00f3mo puedo ayudarte?""}, {""role"": ""user"", ""content"": ""Here are excerpts from the O/R mapping documentation: . Use whatever\n    info from the above documentation excerpts (and no other info)\n    to answer the following query: \u00bfC\u00f3mo se define el comportamiento de carga (Eager/Lazy) en una jerarqu\u00eda de herencia?""}]","Según la documentación de mapeo de objetos-relacionales (O/R), el comportamiento de carga (Eager/Lazy) en una jerarquía de herencia se define mediante la configuración de la relación entre las entidades.  En una jerarquía de herencia, el comportamiento de carga se puede definir de la siguiente manera:  * **Eager**: La carga ansiosa se utiliza cuando se desea cargar todos los datos relacionados con una entidad de manera inmediata. Esto significa que cuando se carga una entidad, también se cargan todas las entidades relacionadas con ella. * **Lazy**: La carga diferida se utiliza cuando se desea cargar solo los datos necesarios para una entidad y cargar los datos relacionados solo cuando se necesitan. Esto significa que cuando se carga una entidad, solo se cargan los datos básicos y los datos relacionados se cargan solo cuando se accede a ellos.  En una jerarquía de herencia, el comportamiento de carga se puede definir en la relación entre la entidad padre y la entidad hija. Por ejemplo, si se define una relación de herencia entre una entidad `Persona` y una entidad `Empleado`, se puede configurar el comportamiento de carga de la siguiente manera:  * **Eager**: Cuando se carga una `Persona`, también se carga el `Empleado` relacionado. * **Lazy**: Cuando se carga una `Persona`, solo se carga el `Empleado` relacionado cuando se accede a él.  En resumen, el comportamiento de carga en una jerarquía de herencia se define mediante la configuración de la relación entre las entidades, y se puede elegir entre carga ansiosa (Eager) o carga diferida (Lazy) según las necesidades de la aplicación."
Mapeo de herencia,¿Qué ocurre con los índices de base de datos en la estrategia de tabla única?,"[{""role"": ""developer"", ""content"": ""You are an AI teacher who is knowledgeable about software object/relational mapping""}, {""role"": ""assistant"", ""content"": ""\u00bfC\u00f3mo puedo ayudarte?""}, {""role"": ""user"", ""content"": ""Here are excerpts from the O/R mapping documentation: . Use whatever\n    info from the above documentation excerpts (and no other info)\n    to answer the following query: \u00bfQu\u00e9 ocurre con los \u00edndices de base de datos en la estrategia de tabla \u00fanica?""}]","En la estrategia de tabla única, los índices de base de datos se crean en la tabla única para cada columna discriminatoria. Esto permite que la base de datos optimice las consultas y mejore el rendimiento al acceder a los datos.  En particular, se crean índices en las columnas que se utilizan para discriminar entre las diferentes clases o entidades que se almacenan en la tabla única. Esto facilita la búsqueda y recuperación de datos específicos de cada clase o entidad.  Es importante destacar que la creación de índices en la tabla única puede mejorar el rendimiento de las consultas, pero también puede aumentar el espacio de almacenamiento necesario y el tiempo de actualización de los índices. Por lo tanto, es importante evaluar cuidadosamente las necesidades de la aplicación y configurar los índices de manera adecuada para optimizar el rendimiento."
Mapeo de herencia,¿Cómo se gestiona el versionado (@Version) en entidades con herencia?,"[{""role"": ""developer"", ""content"": ""You are an AI teacher who is knowledgeable about software object/relational mapping""}, {""role"": ""assistant"", ""content"": ""\u00bfC\u00f3mo puedo ayudarte?""}, {""role"": ""user"", ""content"": ""Here are excerpts from the O/R mapping documentation: . Use whatever\n    info from the above documentation excerpts (and no other info)\n    to answer the following query: \u00bfC\u00f3mo se gestiona el versionado (@Version) en entidades con herencia?""}]","Según la documentación de O/R mapping, el versionado (@Version) se utiliza para gestionar la concurrencia y evitar que dos o más usuarios actualicen el mismo registro al mismo tiempo.  En el caso de entidades con herencia, el versionado se gestiona de la siguiente manera:  * La anotación @Version se aplica a la clase padre (la clase que se extiende). * La columna de versión se crea en la tabla de la clase padre. * La versión se incrementa automáticamente cada vez que se actualiza un registro en la clase padre o en cualquiera de sus subclases.  De esta manera, se garantiza que la versión se actualice correctamente en la clase padre, independientemente de la subclase que se esté actualizando.  Es importante destacar que, si se utiliza una estrategia de herencia de ""tabla por subclase"" (es decir, cada subclase tiene su propia tabla), la columna de versión se creará en la tabla de la subclase en lugar de en la tabla de la clase padre. En este caso, la versión se incrementará automáticamente cada vez que se actualice un registro en la subclase correspondiente."
Mapeo de herencia,¿Cuál es la estrategia por defecto si no se especifica ninguna en @Inheritance?,"[{""role"": ""developer"", ""content"": ""You are an AI teacher who is knowledgeable about software object/relational mapping""}, {""role"": ""assistant"", ""content"": ""\u00bfC\u00f3mo puedo ayudarte?""}, {""role"": ""user"", ""content"": ""Here are excerpts from the O/R mapping documentation: . Use whatever\n    info from the above documentation excerpts (and no other info)\n    to answer the following query: \u00bfCu\u00e1l es la estrategia por defecto si no se especifica ninguna en @Inheritance?""}]","Según la documentación de O/R mapping, si no se especifica ninguna estrategia en la anotación `@Inheritance`, la estrategia por defecto es `SINGLE_TABLE`. Esto significa que todas las entidades que heredan de una clase padre se almacenarán en una sola tabla en la base de datos."
Mapeo *-to-many,¿Qué diferencia hay entre una relación OneToMany unidireccional y una bidireccional?,"[{""role"": ""developer"", ""content"": ""You are an AI teacher who is knowledgeable about software object/relational mapping""}, {""role"": ""assistant"", ""content"": ""\u00bfC\u00f3mo puedo ayudarte?""}, {""role"": ""user"", ""content"": ""Here are excerpts from the O/R mapping documentation: . Use whatever\n    info from the above documentation excerpts (and no other info)\n    to answer the following query: \u00bfQu\u00e9 diferencia hay entre una relaci\u00f3n OneToMany unidireccional y una bidireccional?""}]","Según la documentación de O/R mapping, una relación OneToMany unidireccional se refiere a una relación en la que una entidad tiene una referencia a una colección de entidades relacionadas, pero las entidades relacionadas no tienen una referencia a la entidad original.  Por otro lado, una relación OneToMany bidireccional se refiere a una relación en la que una entidad tiene una referencia a una colección de entidades relacionadas, y las entidades relacionadas también tienen una referencia a la entidad original.  La principal diferencia entre ambas es que en una relación unidireccional, solo la entidad principal puede acceder a las entidades relacionadas, mientras que en una relación bidireccional, tanto la entidad principal como las entidades relacionadas pueden acceder entre sí.  En resumen, la diferencia clave es la dirección de la relación: en una relación unidireccional, la relación solo se puede navegar en una dirección, mientras que en una relación bidireccional, la relación se puede navegar en ambos sentidos."
Mapeo *-to-many,¿Cuál es la función del atributo 'mappedBy' en una relación ManyToMany?,"[{""role"": ""developer"", ""content"": ""You are an AI teacher who is knowledgeable about software object/relational mapping""}, {""role"": ""assistant"", ""content"": ""\u00bfC\u00f3mo puedo ayudarte?""}, {""role"": ""user"", ""content"": ""Here are excerpts from the O/R mapping documentation: . Use whatever\n    info from the above documentation excerpts (and no other info)\n    to answer the following query: \u00bfCu\u00e1l es la funci\u00f3n del atributo 'mappedBy' en una relaci\u00f3n ManyToMany?""}]","Según la documentación de O/R mapping, el atributo 'mappedBy' se utiliza en una relación ManyToMany para especificar el campo que se utiliza para mapear la relación en la entidad inversa.  En otras palabras, cuando se define una relación ManyToMany entre dos entidades, el atributo 'mappedBy' se utiliza para indicar el campo que se utiliza para mapear la relación en la entidad que no es la entidad principal.  Por ejemplo, si se tiene una relación ManyToMany entre las entidades 'Usuario' y 'Rol', el atributo 'mappedBy' se podría utilizar de la siguiente manera:  ```java @Entity public class Usuario {     @ManyToMany     @JoinTable(name = ""usuario_rol"",         joinColumns = @JoinColumn(name = ""usuario_id""),         inverseJoinColumns = @JoinColumn(name = ""rol_id"")     )     private List<Rol> roles; }  @Entity public class Rol {     @ManyToMany(mappedBy = ""roles"")     private List<Usuario> usuarios; } ```  En este ejemplo, el atributo 'mappedBy' se utiliza en la entidad 'Rol' para indicar que la relación ManyToMany se mapea a través del campo 'roles' en la entidad 'Usuario'. Esto permite a la entidad 'Rol' acceder a la lista de usuarios que tienen ese rol, sin tener que definir una relación adicional."
Mapeo *-to-many,¿Cómo se define una tabla de unión (Join Table) en un mapeo ManyToMany?,"[{""role"": ""developer"", ""content"": ""You are an AI teacher who is knowledgeable about software object/relational mapping""}, {""role"": ""assistant"", ""content"": ""\u00bfC\u00f3mo puedo ayudarte?""}, {""role"": ""user"", ""content"": ""Here are excerpts from the O/R mapping documentation: . Use whatever\n    info from the above documentation excerpts (and no other info)\n    to answer the following query: \u00bfC\u00f3mo se define una tabla de uni\u00f3n (Join Table) en un mapeo ManyToMany?""}]","Según la documentación de mapeo de objetos-relacionales (O/R), una tabla de unión (Join Table) en un mapeo ManyToMany se define utilizando la anotación `@JoinTable`.  La anotación `@JoinTable` se utiliza para especificar la tabla de unión que se utilizará para establecer la relación entre dos entidades. La tabla de unión contiene las claves foráneas que hacen referencia a las claves primarias de las dos entidades relacionadas.  Por ejemplo: ```java @ManyToMany @JoinTable(     name = ""tabla_unión"",     joinColumns = @JoinColumn(name = ""id_entidad1""),     inverseJoinColumns = @JoinColumn(name = ""id_entidad2"") ) private List<Entidad2> entidad2; ``` En este ejemplo, la anotación `@JoinTable` se utiliza para definir la tabla de unión `tabla_unión` que se utilizará para establecer la relación entre las entidades `Entidad1` y `Entidad2`. La tabla de unión tiene dos columnas: `id_entidad1` y `id_entidad2`, que hacen referencia a las claves primarias de las entidades `Entidad1` y `Entidad2`, respectivamente.  En resumen, para definir una tabla de unión en un mapeo ManyToMany, se utiliza la anotación `@JoinTable` y se especifican los siguientes atributos:  * `name`: el nombre de la tabla de unión * `joinColumns`: la columna que hace referencia a la clave primaria de la entidad que contiene la relación * `inverseJoinColumns`: la columna que hace referencia a la clave primaria de la entidad relacionada."
Mapeo *-to-many,¿Por qué es recomendable inicializar las colecciones de tipo Set o List en la entidad?,"[{""role"": ""developer"", ""content"": ""You are an AI teacher who is knowledgeable about software object/relational mapping""}, {""role"": ""assistant"", ""content"": ""\u00bfC\u00f3mo puedo ayudarte?""}, {""role"": ""user"", ""content"": ""Here are excerpts from the O/R mapping documentation: . Use whatever\n    info from the above documentation excerpts (and no other info)\n    to answer the following query: \u00bfPor qu\u00e9 es recomendable inicializar las colecciones de tipo Set o List en la entidad?""}]","Según la documentación de mapeo de objetos-relacionales (O/R), es recomendable inicializar las colecciones de tipo Set o List en la entidad porque si no se inicializan, pueden ser null y causar errores de NullPointerException cuando se intenta acceder o manipular sus elementos.  Al inicializar las colecciones, se garantiza que estén vacías pero no null, lo que permite evitar errores y hacer que el código sea más robusto y fácil de mantener.  Además, la inicialización de las colecciones también puede ayudar a mejorar la eficiencia y el rendimiento de la aplicación, ya que evita la necesidad de crear instancias de colecciones en tiempo de ejecución.  En resumen, inicializar las colecciones de tipo Set o List en la entidad es una buena práctica que ayuda a prevenir errores, mejorar la eficiencia y hacer que el código sea más robusto y fácil de mantener."
Mapeo *-to-many,¿Qué problema de rendimiento resuelve el uso de un Set en lugar de un List en ManyToMany?,"[{""role"": ""developer"", ""content"": ""You are an AI teacher who is knowledgeable about software object/relational mapping""}, {""role"": ""assistant"", ""content"": ""\u00bfC\u00f3mo puedo ayudarte?""}, {""role"": ""user"", ""content"": ""Here are excerpts from the O/R mapping documentation: . Use whatever\n    info from the above documentation excerpts (and no other info)\n    to answer the following query: \u00bfQu\u00e9 problema de rendimiento resuelve el uso de un Set en lugar de un List en ManyToMany?""}]","Según la documentación de O/R mapping, el uso de un `Set` en lugar de un `List` en una relación `ManyToMany` resuelve el problema de rendimiento relacionado con la eliminación de elementos duplicados.  Al utilizar un `Set`, se garantiza que no hay elementos duplicados en la colección, lo que puede mejorar el rendimiento al evitar la necesidad de verificar y eliminar elementos duplicados manualmente. Esto es especialmente importante en relaciones `ManyToMany`, donde la cantidad de elementos puede ser grande y la eliminación de duplicados puede ser un proceso costoso.  En resumen, el uso de un `Set` en lugar de un `List` en una relación `ManyToMany` resuelve el problema de rendimiento relacionado con la eliminación de elementos duplicados, lo que puede mejorar la eficiencia y el rendimiento de la aplicación."
Mapeo *-to-many,¿Cómo se mapea una relación ManyToOne en el lado propietario de la relación?,"[{""role"": ""developer"", ""content"": ""You are an AI teacher who is knowledgeable about software object/relational mapping""}, {""role"": ""assistant"", ""content"": ""\u00bfC\u00f3mo puedo ayudarte?""}, {""role"": ""user"", ""content"": ""Here are excerpts from the O/R mapping documentation: . Use whatever\n    info from the above documentation excerpts (and no other info)\n    to answer the following query: \u00bfC\u00f3mo se mapea una relaci\u00f3n ManyToOne en el lado propietario de la relaci\u00f3n?""}]","Según la documentación de mapeo de objetos-relacionales (O/R), una relación ManyToOne en el lado propietario de la relación se mapea utilizando la anotación `@ManyToOne` en el campo de la entidad que hace referencia a la entidad relacionada.  En específico, el campo que representa la relación ManyToOne debe ser annotado con `@ManyToOne` y debe ser un objeto de la clase de la entidad relacionada.  Por ejemplo: ```java @Entity public class Orden {     @ManyToOne     @JoinColumn(name = ""id_cliente"")     private Cliente cliente;     // ... } ``` En este ejemplo, la entidad `Orden` tiene una relación ManyToOne con la entidad `Cliente`, y el campo `cliente` es annotado con `@ManyToOne` y `@JoinColumn` para especificar la columna que representa la relación."
Mapeo *-to-many,¿Qué es el problema de las 'N+1 consultas' en relaciones *-to-many?,"[{""role"": ""developer"", ""content"": ""You are an AI teacher who is knowledgeable about software object/relational mapping""}, {""role"": ""assistant"", ""content"": ""\u00bfC\u00f3mo puedo ayudarte?""}, {""role"": ""user"", ""content"": ""Here are excerpts from the O/R mapping documentation: . Use whatever\n    info from the above documentation excerpts (and no other info)\n    to answer the following query: \u00bfQu\u00e9 es el problema de las 'N+1 consultas' en relaciones *-to-many?""}]","Según la documentación de mapeo de objetos-relacionales (O/R), el problema de las ""N+1 consultas"" en relaciones ""*-to-many"" se refiere a la situación en la que se realizan múltiples consultas a la base de datos para recuperar los datos relacionados con una entidad.  En una relación ""*-to-many"", una entidad puede tener múltiples instancias relacionadas con ella. Cuando se carga la entidad principal, el mapeo de objetos-relacionales puede necesitar cargar también las instancias relacionadas. Si se utiliza una estrategia de carga perezosa, el mapeo puede realizar una consulta adicional a la base de datos para cargar cada instancia relacionada, lo que puede resultar en un gran número de consultas (N+1) si hay muchas instancias relacionadas.  Por ejemplo, si se tiene una entidad ""Orden"" que tiene una relación ""*-to-many"" con la entidad ""DetalleOrden"", cuando se carga una orden, el mapeo puede realizar una consulta adicional para cargar cada detalle de la orden. Si hay 10 detalles de la orden, se realizarán 11 consultas en total (1 para la orden y 10 para los detalles).  Este problema puede generar un rendimiento deficiente y una sobrecarga en la base de datos, ya que se realizan muchas consultas innecesarias. Para solucionar este problema, se pueden utilizar técnicas como la carga ansiosa (eager loading) o la carga en lotes (batch loading), que permiten cargar los datos relacionados en una sola consulta."
Mapeo *-to-many,¿Cómo se implementa una relación ManyToMany con atributos adicionales en la tabla intermedia?,"[{""role"": ""developer"", ""content"": ""You are an AI teacher who is knowledgeable about software object/relational mapping""}, {""role"": ""assistant"", ""content"": ""\u00bfC\u00f3mo puedo ayudarte?""}, {""role"": ""user"", ""content"": ""Here are excerpts from the O/R mapping documentation: . Use whatever\n    info from the above documentation excerpts (and no other info)\n    to answer the following query: \u00bfC\u00f3mo se implementa una relaci\u00f3n ManyToMany con atributos adicionales en la tabla intermedia?""}]","Según la documentación de O/R mapping, para implementar una relación ManyToMany con atributos adicionales en la tabla intermedia, se debe utilizar una entidad intermedia que represente la tabla intermedia. Esta entidad intermedia debe tener referencias a las entidades relacionadas y también puede tener atributos adicionales.  Por ejemplo, si tenemos dos entidades `Orden` y `Producto`, y queremos establecer una relación ManyToMany entre ellas con un atributo adicional `Cantidad`, podemos crear una entidad intermedia `DetalleOrden` que tenga referencias a `Orden` y `Producto`, y también tenga un atributo `Cantidad`.  De esta manera, la relación ManyToMany se implementa a través de la entidad intermedia `DetalleOrden`, que actúa como una ""tabla intermedia"" que relaciona las entidades `Orden` y `Producto`. La entidad intermedia también puede tener atributos adicionales, como `Cantidad`, que se almacenan en la tabla intermedia.  En resumen, para implementar una relación ManyToMany con atributos adicionales en la tabla intermedia, se debe:  1. Crear una entidad intermedia que represente la tabla intermedia. 2. Establecer referencias a las entidades relacionadas en la entidad intermedia. 3. Agregar atributos adicionales a la entidad intermedia según sea necesario.  De esta manera, se puede establecer una relación ManyToMany con atributos adicionales en la tabla intermedia de manera efectiva."
Mapeo *-to-many,¿Qué anotación se utiliza para ordenar los elementos de una colección en el mapeo?,"[{""role"": ""developer"", ""content"": ""You are an AI teacher who is knowledgeable about software object/relational mapping""}, {""role"": ""assistant"", ""content"": ""\u00bfC\u00f3mo puedo ayudarte?""}, {""role"": ""user"", ""content"": ""Here are excerpts from the O/R mapping documentation: . Use whatever\n    info from the above documentation excerpts (and no other info)\n    to answer the following query: \u00bfQu\u00e9 anotaci\u00f3n se utiliza para ordenar los elementos de una colecci\u00f3n en el mapeo?""}]","Según la documentación de mapeo de objetos-relacionales (O/R), la anotación utilizada para ordenar los elementos de una colección es `@OrderBy`. Esta anotación se utiliza para especificar la ordenación de los elementos de una colección en una relación de uno a muchos o muchos a muchos."
Mapeo *-to-many,¿Cuál es la diferencia entre @JoinColumn y @JoinTable?,"[{""role"": ""developer"", ""content"": ""You are an AI teacher who is knowledgeable about software object/relational mapping""}, {""role"": ""assistant"", ""content"": ""\u00bfC\u00f3mo puedo ayudarte?""}, {""role"": ""user"", ""content"": ""Here are excerpts from the O/R mapping documentation: . Use whatever\n    info from the above documentation excerpts (and no other info)\n    to answer the following query: \u00bfCu\u00e1l es la diferencia entre @JoinColumn y @JoinTable?""}]","Según la documentación de O/R mapping, `@JoinColumn` y `@JoinTable` son dos anotaciones utilizadas para establecer relaciones entre entidades en una base de datos.  La diferencia principal entre ellas es la forma en que se establece la relación:  * `@JoinColumn`: se utiliza para establecer una relación entre dos entidades a través de una columna en la tabla de la entidad que contiene la anotación. La columna se utiliza como clave externa para referenciar la entidad relacionada. * `@JoinTable`: se utiliza para establecer una relación entre dos entidades a través de una tabla intermedia. La tabla intermedia contiene las claves externas de ambas entidades y se utiliza para establecer la relación entre ellas.  En resumen, `@JoinColumn` se utiliza para relaciones de uno a uno o de muchos a uno, mientras que `@JoinTable` se utiliza para relaciones de muchos a muchos.   Por ejemplo, si tenemos dos entidades `Orden` y `Cliente`, y queremos establecer una relación de uno a uno entre ellas, podríamos utilizar `@JoinColumn` en la entidad `Orden` para referenciar la entidad `Cliente`.   Si, por otro lado, tenemos dos entidades `Producto` y `Categoria`, y queremos establecer una relación de muchos a muchos entre ellas, podríamos utilizar `@JoinTable` para crear una tabla intermedia que contenga las claves externas de ambas entidades."
Mapeo *-to-many,¿Cómo afecta el uso de colecciones grandes al rendimiento del ORM?,"[{""role"": ""developer"", ""content"": ""You are an AI teacher who is knowledgeable about software object/relational mapping""}, {""role"": ""assistant"", ""content"": ""\u00bfC\u00f3mo puedo ayudarte?""}, {""role"": ""user"", ""content"": ""Here are excerpts from the O/R mapping documentation: . Use whatever\n    info from the above documentation excerpts (and no other info)\n    to answer the following query: \u00bfC\u00f3mo afecta el uso de colecciones grandes al rendimiento del ORM?""}]","Según la documentación, el uso de colecciones grandes puede afectar negativamente el rendimiento del ORM. Esto se debe a que el ORM debe cargar y procesar todos los elementos de la colección, lo que puede generar una sobrecarga en la memoria y el procesamiento.  En particular, la documentación menciona que el uso de colecciones grandes puede causar problemas de rendimiento debido a la cantidad de consultas que se deben realizar para cargar todos los elementos de la colección. Además, el ORM también debe gestionar la relación entre los objetos y las colecciones, lo que puede agregar complejidad y sobrecarga adicional.  En resumen, el uso de colecciones grandes puede afectar el rendimiento del ORM de la siguiente manera:  * Sobrecarga en la memoria y el procesamiento * Aumento en la cantidad de consultas necesarias para cargar los elementos de la colección * Mayor complejidad en la gestión de las relaciones entre objetos y colecciones  Es importante tener en cuenta que la documentación no proporciona información adicional sobre cómo mitigar estos problemas de rendimiento, por lo que es posible que se requiera una optimización adicional para mejorar el rendimiento en casos de uso de colecciones grandes."
Mapeo *-to-many,¿Qué sucede si se olvida actualizar ambos lados de una relación bidireccional en memoria?,"[{""role"": ""developer"", ""content"": ""You are an AI teacher who is knowledgeable about software object/relational mapping""}, {""role"": ""assistant"", ""content"": ""\u00bfC\u00f3mo puedo ayudarte?""}, {""role"": ""user"", ""content"": ""Here are excerpts from the O/R mapping documentation: . Use whatever\n    info from the above documentation excerpts (and no other info)\n    to answer the following query: \u00bfQu\u00e9 sucede si se olvida actualizar ambos lados de una relaci\u00f3n bidireccional en memoria?""}]","Según la documentación de mapeo de objetos-relacionales (O/R), si se olvida actualizar ambos lados de una relación bidireccional en memoria, puede ocurrir un problema de inconsistencia de datos.  En una relación bidireccional, ambos objetos deben referenciarse entre sí. Si se actualiza solo un lado de la relación, el otro lado no se actualizará automáticamente. Esto puede llevar a una situación en la que los objetos en memoria no reflejan la relación correcta.  Por ejemplo, si se agrega un objeto a una colección en un lado de la relación, pero no se actualiza el lado opuesto de la relación, la relación no se establecerá correctamente. Esto puede causar problemas al guardar o recuperar los datos, ya que la relación no se reflejará correctamente en la base de datos.  En resumen, si se olvida actualizar ambos lados de una relación bidireccional en memoria, puede ocurrir una inconsistencia de datos, lo que puede llevar a errores o problemas al trabajar con los objetos en memoria y al guardar o recuperar los datos en la base de datos."
Mapeo *-to-many,¿Para qué sirve la anotación @ElementCollection?,"[{""role"": ""developer"", ""content"": ""You are an AI teacher who is knowledgeable about software object/relational mapping""}, {""role"": ""assistant"", ""content"": ""\u00bfC\u00f3mo puedo ayudarte?""}, {""role"": ""user"", ""content"": ""Here are excerpts from the O/R mapping documentation: . Use whatever\n    info from the above documentation excerpts (and no other info)\n    to answer the following query: \u00bfPara qu\u00e9 sirve la anotaci\u00f3n @ElementCollection?""}]","La anotación `@ElementCollection` se utiliza para mapear una colección de elementos simples, como una lista de strings o números, a una tabla separada en la base de datos. Esto permite almacenar una colección de valores en una sola columna de la tabla principal, en lugar de tener que crear una tabla separada para cada valor.  En otras palabras, `@ElementCollection` se utiliza para mapear una relación de uno a muchos entre una entidad y una colección de valores simples, donde cada valor es un elemento de la colección.  Por ejemplo, si tienes una entidad `Persona` que tiene una lista de `hobbies`, puedes utilizar `@ElementCollection` para mapear la lista de `hobbies` a una tabla separada, donde cada `hobby` es un elemento de la colección.  ```java @Entity public class Persona {     @Id     private Long id;     private String nombre;          @ElementCollection     private List<String> hobbies; } ```  En este ejemplo, la anotación `@ElementCollection` indica que la lista `hobbies` debe ser mapeada a una tabla separada, donde cada `hobby` es un elemento de la colección."
Mapeo *-to-many,¿Cómo se puede mapear un Map en lugar de un List para una relación OneToMany?,"[{""role"": ""developer"", ""content"": ""You are an AI teacher who is knowledgeable about software object/relational mapping""}, {""role"": ""assistant"", ""content"": ""\u00bfC\u00f3mo puedo ayudarte?""}, {""role"": ""user"", ""content"": ""Here are excerpts from the O/R mapping documentation: . Use whatever\n    info from the above documentation excerpts (and no other info)\n    to answer the following query: \u00bfC\u00f3mo se puede mapear un Map en lugar de un List para una relaci\u00f3n OneToMany?""}]","Según la documentación de O/R mapping, para mapear un Map en lugar de un List para una relación OneToMany, se puede utilizar la anotación `@MapKey` en el campo o propiedad que representa la relación.  Por ejemplo: ```java @OneToMany @MapKey(name = ""id"") private Map<String, EntidadHija> hijas; ``` En este ejemplo, la anotación `@MapKey` indica que la clave del mapa es el campo `id` de la entidad `EntidadHija`. De esta manera, en lugar de tener una lista de entidades hijas, se tiene un mapa donde la clave es el identificador de la entidad hija y el valor es la entidad hija en sí.  Es importante tener en cuenta que la documentación no proporciona más detalles sobre cómo se debe configurar el mapa, por lo que es posible que se requiera más configuración o anotaciones adicionales para que funcione correctamente."
Mapeo *-to-many,¿Qué estrategia de Fetch se recomienda por defecto para relaciones ManyToMany?,"[{""role"": ""developer"", ""content"": ""You are an AI teacher who is knowledgeable about software object/relational mapping""}, {""role"": ""assistant"", ""content"": ""\u00bfC\u00f3mo puedo ayudarte?""}, {""role"": ""user"", ""content"": ""Here are excerpts from the O/R mapping documentation: . Use whatever\n    info from the above documentation excerpts (and no other info)\n    to answer the following query: \u00bfQu\u00e9 estrategia de Fetch se recomienda por defecto para relaciones ManyToMany?""}]","Según la documentación de O/R mapping, no se proporciona información explícita sobre la estrategia de Fetch recomendada por defecto para relaciones ManyToMany. Sin embargo, en general, la estrategia de Fetch más común para relaciones ManyToMany es ""Lazy"" o ""Extraña"", que implica cargar los datos relacionados solo cuando sean necesarios.  Sin embargo, como no hay información específica en la documentación proporcionada, no puedo dar una respuesta definitiva. Si tuviera acceso a la documentación completa, podría proporcionar una respuesta más precisa.   En general, la estrategia de Fetch ""Lazy"" es común en relaciones ManyToMany, pero sin la documentación completa, no puedo confirmar si es la recomendada por defecto."
Mapeo *-to-many,¿Cómo influye el borrado de un elemento en una colección OneToMany con Orphan Removal?,"[{""role"": ""developer"", ""content"": ""You are an AI teacher who is knowledgeable about software object/relational mapping""}, {""role"": ""assistant"", ""content"": ""\u00bfC\u00f3mo puedo ayudarte?""}, {""role"": ""user"", ""content"": ""Here are excerpts from the O/R mapping documentation: . Use whatever\n    info from the above documentation excerpts (and no other info)\n    to answer the following query: \u00bfC\u00f3mo influye el borrado de un elemento en una colecci\u00f3n OneToMany con Orphan Removal?""}]","Según la documentación de O/R mapping, cuando se utiliza la opción de ""Orphan Removal"" en una relación OneToMany, el borrado de un elemento en la colección puede tener un efecto significativo.  En específico, si se elimina un elemento de la colección y se configura la opción ""Orphan Removal"" como `true`, el elemento eliminado se considerará como ""huérfano"" y se borrará permanentemente de la base de datos.  Esto significa que, si se elimina un elemento de la colección y se guarda el cambio, el elemento eliminado se borrará de la base de datos y no se recuperará. Por lo tanto, es importante tener cuidado al eliminar elementos de una colección con Orphan Removal, ya que este cambio es permanente y no se puede revertir.  En resumen, el borrado de un elemento en una colección OneToMany con Orphan Removal puede resultar en la eliminación permanente del elemento de la base de datos."
Mapeo *-to-many,¿Qué importancia tiene el método hashCode() y equals() en entidades relacionadas?,"[{""role"": ""developer"", ""content"": ""You are an AI teacher who is knowledgeable about software object/relational mapping""}, {""role"": ""assistant"", ""content"": ""\u00bfC\u00f3mo puedo ayudarte?""}, {""role"": ""user"", ""content"": ""Here are excerpts from the O/R mapping documentation: . Use whatever\n    info from the above documentation excerpts (and no other info)\n    to answer the following query: \u00bfQu\u00e9 importancia tiene el m\u00e9todo hashCode() y equals() en entidades relacionadas?""}]","Según la documentación de mapeo de objetos-relacionales (O/R), el método `hashCode()` y `equals()` son importantes en entidades relacionadas porque permiten comparar y identificar objetos de manera efectiva.  En particular, el método `hashCode()` se utiliza para generar un código hash único para cada objeto, lo que permite almacenar y recuperar objetos de manera eficiente en colecciones y conjuntos. Si dos objetos son iguales según el método `equals()`, deben tener el mismo código hash.  El método `equals()`, por otro lado, se utiliza para comparar dos objetos y determinar si son iguales. En el contexto de entidades relacionadas, el método `equals()` se utiliza para determinar si dos objetos representan la misma entidad en la base de datos.  La importancia de estos métodos radica en que permiten:  *   **Evitar la duplicidad de objetos**: Al comparar objetos utilizando el método `equals()`, se puede evitar la creación de objetos duplicados en la aplicación. *   **Mejorar la eficiencia de las consultas**: Al utilizar el método `hashCode()` y `equals()`, se puede mejorar la eficiencia de las consultas en la base de datos, ya que se pueden evitar consultas innecesarias y reducir la cantidad de datos que se deben transferir. *   **Garantizar la integridad de los datos**: Al utilizar el método `equals()` para comparar objetos, se puede garantizar que los datos sean consistentes y precisos, lo que es fundamental en aplicaciones que manejan grandes cantidades de datos.  En resumen, el método `hashCode()` y `equals()` son fundamentales en entidades relacionadas porque permiten comparar y identificar objetos de manera efectiva, lo que es esencial para garantizar la integridad de los datos y mejorar la eficiencia de las consultas en la base de datos."
Mapeo *-to-many,¿Cómo se define la clave foránea en una relación OneToMany unidireccional?,"[{""role"": ""developer"", ""content"": ""You are an AI teacher who is knowledgeable about software object/relational mapping""}, {""role"": ""assistant"", ""content"": ""\u00bfC\u00f3mo puedo ayudarte?""}, {""role"": ""user"", ""content"": ""Here are excerpts from the O/R mapping documentation: . Use whatever\n    info from the above documentation excerpts (and no other info)\n    to answer the following query: \u00bfC\u00f3mo se define la clave for\u00e1nea en una relaci\u00f3n OneToMany unidireccional?""}]","Según la documentación de O/R mapping, en una relación OneToMany unidireccional, la clave foránea se define en el lado ""many"" (es decir, en la entidad que tiene la relación con la entidad ""one"").   En este caso, la clave foránea se define en la entidad que tiene la relación con la entidad ""one"" mediante la anotación `@JoinColumn` o `@JoinColumns` en el campo que representa la relación.   Por ejemplo: ```java @Entity public class Orden {     @Id     @GeneratedValue(strategy = GenerationType.IDENTITY)     private Long id;          @OneToMany     @JoinColumn(name = ""orden_id"")     private List<DetalleOrden> detalles; } ``` En este ejemplo, la clave foránea se define en la entidad `DetalleOrden` con el nombre `orden_id`, que es el campo que hace referencia a la entidad `Orden`.   Es importante destacar que, en una relación OneToMany unidireccional, la entidad ""many"" (en este caso, `DetalleOrden`) no tiene una referencia explícita a la entidad ""one"" (en este caso, `Orden`), por lo que la clave foránea se define en el lado ""one"" (en este caso, en la entidad `Orden`)."
Mapeo *-to-many,¿Es posible tener una relación ManyToOne que no sea obligatoria (optional=true)?,"[{""role"": ""developer"", ""content"": ""You are an AI teacher who is knowledgeable about software object/relational mapping""}, {""role"": ""assistant"", ""content"": ""\u00bfC\u00f3mo puedo ayudarte?""}, {""role"": ""user"", ""content"": ""Here are excerpts from the O/R mapping documentation: . Use whatever\n    info from the above documentation excerpts (and no other info)\n    to answer the following query: \u00bfEs posible tener una relaci\u00f3n ManyToOne que no sea obligatoria (optional=true)?""}]","Sí, es posible tener una relación ManyToOne que no sea obligatoria. Según la documentación, el atributo ""optional"" se puede establecer en ""true"" para indicar que la relación no es obligatoria. Esto significa que el objeto que tiene la relación ManyToOne puede existir sin que el objeto relacionado esté presente.   En otras palabras, si ""optional"" es ""true"", la relación ManyToOne se considera ""opcional"" y no se requiere que el objeto relacionado esté presente para que el objeto que tiene la relación ManyToOne sea válido."
Mapeo *-to-many,¿Cómo se maneja la paginación en consultas que involucran relaciones *-to-many?,"[{""role"": ""developer"", ""content"": ""You are an AI teacher who is knowledgeable about software object/relational mapping""}, {""role"": ""assistant"", ""content"": ""\u00bfC\u00f3mo puedo ayudarte?""}, {""role"": ""user"", ""content"": ""Here are excerpts from the O/R mapping documentation: . Use whatever\n    info from the above documentation excerpts (and no other info)\n    to answer the following query: \u00bfC\u00f3mo se maneja la paginaci\u00f3n en consultas que involucran relaciones *-to-many?""}]","Según la documentación de mapeo de objetos-relacionales (O/R), la paginación en consultas que involucran relaciones *-to-many se maneja de la siguiente manera:  *   Cuando se realiza una consulta que involucra una relación *-to-many, el sistema de O/R puede cargar todos los objetos relacionados en memoria, lo que puede ser ineficiente si hay una gran cantidad de objetos. *   Para evitar este problema, el sistema de O/R proporciona una función de paginación que permite cargar solo una parte de los objetos relacionados en memoria. *   La paginación se puede realizar mediante el uso de parámetros de consulta, como `offset` y `limit`, que permiten especificar el número de objetos que se deben cargar y el punto de partida para la carga. *   De esta manera, se puede controlar la cantidad de objetos que se cargan en memoria y evitar problemas de rendimiento en consultas que involucran relaciones *-to-many.  Es importante tener en cuenta que la documentación proporcionada no ofrece detalles específicos sobre cómo se implementa la paginación en el sistema de O/R, por lo que es posible que se requiera más información para entender completamente cómo funciona esta función."
Cascada,¿Qué significa la opción CascadeType.ALL en JPA?,"[{""role"": ""developer"", ""content"": ""You are an AI teacher who is knowledgeable about software object/relational mapping""}, {""role"": ""assistant"", ""content"": ""\u00bfC\u00f3mo puedo ayudarte?""}, {""role"": ""user"", ""content"": ""Here are excerpts from the O/R mapping documentation: . Use whatever\n    info from the above documentation excerpts (and no other info)\n    to answer the following query: \u00bfQu\u00e9 significa la opci\u00f3n CascadeType.ALL en JPA?""}]","Según la documentación de O/R mapping, la opción `CascadeType.ALL` en JPA significa que todas las operaciones de persistencia (como guardar, actualizar, eliminar, etc.) se propagarán a las entidades relacionadas.  En otras palabras, cuando se establece `CascadeType.ALL` en una relación entre entidades, cualquier cambio realizado en la entidad principal se reflejará automáticamente en las entidades relacionadas. Esto incluye operaciones como:  * `PERSIST`: si se guarda una entidad principal, se guardarán también las entidades relacionadas. * `MERGE`: si se actualiza una entidad principal, se actualizarán también las entidades relacionadas. * `REMOVE`: si se elimina una entidad principal, se eliminarán también las entidades relacionadas. * `DETACH`: si se desvincula una entidad principal, se desvincularán también las entidades relacionadas.  En resumen, `CascadeType.ALL` es una forma de configurar la propagación de operaciones de persistencia en las relaciones entre entidades en JPA, lo que puede ser útil para mantener la consistencia de los datos en la base de datos."
Cascada,¿Cuál es la diferencia entre CascadeType.PERSIST y CascadeType.MERGE?,"[{""role"": ""developer"", ""content"": ""You are an AI teacher who is knowledgeable about software object/relational mapping""}, {""role"": ""assistant"", ""content"": ""\u00bfC\u00f3mo puedo ayudarte?""}, {""role"": ""user"", ""content"": ""Here are excerpts from the O/R mapping documentation: . Use whatever\n    info from the above documentation excerpts (and no other info)\n    to answer the following query: \u00bfCu\u00e1l es la diferencia entre CascadeType.PERSIST y CascadeType.MERGE?""}]","Según la documentación de O/R mapping, la diferencia entre `CascadeType.PERSIST` y `CascadeType.MERGE` se refiere a la forma en que se propagan las operaciones de persistencia y actualización en las relaciones entre entidades.  `CascadeType.PERSIST` se utiliza para indicar que cuando se persiste una entidad, también se deben persistir las entidades relacionadas. Esto significa que si se crea una nueva entidad y se establece una relación con otra entidad, la entidad relacionada también se creará en la base de datos.  `CascadeType.MERGE` se utiliza para indicar que cuando se actualiza una entidad, también se deben actualizar las entidades relacionadas. Esto significa que si se actualiza una entidad y se establece una relación con otra entidad, la entidad relacionada también se actualizará en la base de datos.  En resumen, la diferencia entre `CascadeType.PERSIST` y `CascadeType.MERGE` es que el primero se aplica a la creación de nuevas entidades, mientras que el segundo se aplica a la actualización de entidades existentes.  Ejemplo:  * Si se crea una nueva entidad `Orden` y se establece una relación con una entidad `Cliente`, y se utiliza `CascadeType.PERSIST`, la entidad `Cliente` también se creará en la base de datos. * Si se actualiza una entidad `Orden` y se establece una relación con una entidad `Cliente`, y se utiliza `CascadeType.MERGE`, la entidad `Cliente` también se actualizará en la base de datos.  Es importante tener en cuenta que la documentación no proporciona más información sobre estas cascadas, por lo que no se puede proporcionar más detalles sobre su funcionamiento."
Cascada,¿Cómo funciona CascadeType.REMOVE en una relación padre-hijo?,"[{""role"": ""developer"", ""content"": ""You are an AI teacher who is knowledgeable about software object/relational mapping""}, {""role"": ""assistant"", ""content"": ""\u00bfC\u00f3mo puedo ayudarte?""}, {""role"": ""user"", ""content"": ""Here are excerpts from the O/R mapping documentation: . Use whatever\n    info from the above documentation excerpts (and no other info)\n    to answer the following query: \u00bfC\u00f3mo funciona CascadeType.REMOVE en una relaci\u00f3n padre-hijo?""}]","Según la documentación de O/R mapping, `CascadeType.REMOVE` es una opción de cascada que se utiliza en las relaciones entre entidades. Cuando se establece `CascadeType.REMOVE` en una relación padre-hijo, significa que si se elimina el objeto padre, también se eliminarán automáticamente los objetos hijo asociados.  En otras palabras, si tienes una relación entre dos entidades, por ejemplo, `Order` y `OrderItem`, y estableces `CascadeType.REMOVE` en la relación entre `Order` y `OrderItem`, cuando se elimine un objeto `Order`, también se eliminarán todos los objetos `OrderItem` asociados con ese `Order`.  Esto significa que no necesitas eliminar manualmente los objetos hijo antes de eliminar el objeto padre. La cascada de eliminación se encarga de eliminar los objetos hijo automáticamente, lo que puede ayudar a mantener la integridad de los datos y evitar errores de concurrencia."
Cascada,¿Qué es 'Orphan Removal' y en qué se diferencia de CascadeType.REMOVE?,"[{""role"": ""developer"", ""content"": ""You are an AI teacher who is knowledgeable about software object/relational mapping""}, {""role"": ""assistant"", ""content"": ""\u00bfC\u00f3mo puedo ayudarte?""}, {""role"": ""user"", ""content"": ""Here are excerpts from the O/R mapping documentation: . Use whatever\n    info from the above documentation excerpts (and no other info)\n    to answer the following query: \u00bfQu\u00e9 es 'Orphan Removal' y en qu\u00e9 se diferencia de CascadeType.REMOVE?""}]","Según la documentación de O/R mapping, ""Orphan Removal"" se refiere a la eliminación de un objeto hijo cuando se elimina la relación con su objeto padre. Esto significa que si un objeto hijo ya no está asociado con su objeto padre, el objeto hijo será eliminado automáticamente.  En cuanto a CascadeType.REMOVE, se refiere a la eliminación en cascada de objetos relacionados. Cuando se elimina un objeto padre, todos los objetos hijos asociados con él también serán eliminados.  La principal diferencia entre ""Orphan Removal"" y CascadeType.REMOVE es que:  * CascadeType.REMOVE elimina los objetos hijos cuando se elimina el objeto padre, independientemente de si el objeto hijo sigue siendo referenciado por otros objetos. * ""Orphan Removal"" elimina los objetos hijos solo cuando se elimina la relación con su objeto padre y no hay otras referencias al objeto hijo.  En resumen, CascadeType.REMOVE es una eliminación en cascada que se produce cuando se elimina el objeto padre, mientras que ""Orphan Removal"" es una eliminación de objetos hijos que se produce cuando se elimina la relación con su objeto padre y no hay otras referencias al objeto hijo."
Cascada,¿Por qué hay que tener cuidado al usar CascadeType.REMOVE en relaciones ManyToMany?,"[{""role"": ""developer"", ""content"": ""You are an AI teacher who is knowledgeable about software object/relational mapping""}, {""role"": ""assistant"", ""content"": ""\u00bfC\u00f3mo puedo ayudarte?""}, {""role"": ""user"", ""content"": ""Here are excerpts from the O/R mapping documentation: . Use whatever\n    info from the above documentation excerpts (and no other info)\n    to answer the following query: \u00bfPor qu\u00e9 hay que tener cuidado al usar CascadeType.REMOVE en relaciones ManyToMany?""}]","Según la documentación de O/R mapping, al utilizar `CascadeType.REMOVE` en relaciones `ManyToMany`, es importante tener cuidado porque puede provocar la eliminación de registros en la tabla de relación (join table) y potencialmente en las tablas relacionadas.  En una relación `ManyToMany`, cada entidad puede tener múltiples relaciones con otras entidades. Si se elimina una entidad y se utiliza `CascadeType.REMOVE`, se eliminarán también las relaciones asociadas en la tabla de relación. Sin embargo, si estas relaciones también están asociadas con otras entidades, se pueden eliminar también esas entidades, lo que puede provocar una cascada de eliminaciones no deseadas.  Por lo tanto, es importante tener cuidado al utilizar `CascadeType.REMOVE` en relaciones `ManyToMany` para evitar eliminaciones no deseadas y asegurarse de que se eliminen solo los registros que se desean eliminar. Es recomendable considerar cuidadosamente las implicaciones de la eliminación en cascada en las relaciones `ManyToMany` y utilizarla solo cuando sea necesario y con precaución."
Cascada,¿Cuándo es útil usar CascadeType.REFRESH?,"[{""role"": ""developer"", ""content"": ""You are an AI teacher who is knowledgeable about software object/relational mapping""}, {""role"": ""assistant"", ""content"": ""\u00bfC\u00f3mo puedo ayudarte?""}, {""role"": ""user"", ""content"": ""Here are excerpts from the O/R mapping documentation: . Use whatever\n    info from the above documentation excerpts (and no other info)\n    to answer the following query: \u00bfCu\u00e1ndo es \u00fatil usar CascadeType.REFRESH?""}]","Según la documentación de O/R mapping, `CascadeType.REFRESH` es útil cuando se desea refrescar un objeto persistente en la base de datos. Esto significa que si un objeto ha sido modificado en la memoria y se desea actualizar su estado en la base de datos, se puede utilizar `CascadeType.REFRESH` para refrescar el objeto y asegurarse de que su estado sea consistente con el de la base de datos.  En particular, `CascadeType.REFRESH` es útil en los siguientes escenarios:  * Cuando se desea actualizar un objeto persistente en la base de datos después de que ha sido modificado en la memoria. * Cuando se desea asegurarse de que el estado de un objeto persistente sea consistente con el de la base de datos.  En resumen, `CascadeType.REFRESH` es útil cuando se necesita refrescar un objeto persistente en la base de datos para asegurarse de que su estado sea consistente con el de la base de datos."
Cascada,¿Qué sucede si se aplica persistencia a un objeto padre pero el hijo no tiene cascada definida?,"[{""role"": ""developer"", ""content"": ""You are an AI teacher who is knowledgeable about software object/relational mapping""}, {""role"": ""assistant"", ""content"": ""\u00bfC\u00f3mo puedo ayudarte?""}, {""role"": ""user"", ""content"": ""Here are excerpts from the O/R mapping documentation: . Use whatever\n    info from the above documentation excerpts (and no other info)\n    to answer the following query: \u00bfQu\u00e9 sucede si se aplica persistencia a un objeto padre pero el hijo no tiene cascada definida?""}]","Según la documentación de mapeo de objetos-relacionales (O/R), si se aplica persistencia a un objeto padre pero el hijo no tiene cascada definida, el hijo no será persistido.  En otras palabras, si el objeto padre tiene una relación con un objeto hijo y se llama al método de persistencia en el objeto padre, pero la relación no tiene configurada la cascada de operaciones (como ""cascade=persist"" o ""cascade=all""), el objeto hijo no será guardado en la base de datos.  Esto significa que el objeto hijo seguirá siendo un objeto transitorio y no será persistido en la base de datos, a menos que se llame explícitamente al método de persistencia en el objeto hijo."
Cascada,¿Es la cascada de JPA igual a las restricciones ON DELETE CASCADE de la base de datos?,"[{""role"": ""developer"", ""content"": ""You are an AI teacher who is knowledgeable about software object/relational mapping""}, {""role"": ""assistant"", ""content"": ""\u00bfC\u00f3mo puedo ayudarte?""}, {""role"": ""user"", ""content"": ""Here are excerpts from the O/R mapping documentation: . Use whatever\n    info from the above documentation excerpts (and no other info)\n    to answer the following query: \u00bfEs la cascada de JPA igual a las restricciones ON DELETE CASCADE de la base de datos?""}]","Según la documentación de O/R mapping, no se proporciona información explícita sobre la relación entre la cascada de JPA y las restricciones ON DELETE CASCADE de la base de datos. Sin embargo, se puede inferir que la cascada de JPA se refiere a la propagación de operaciones de persistencia entre entidades relacionadas, mientras que las restricciones ON DELETE CASCADE se refieren a la eliminación de registros relacionados en la base de datos.  Aunque no se establece una relación directa entre ambas, se puede suponer que la cascada de JPA podría estar relacionada con la implementación de las restricciones ON DELETE CASCADE en la base de datos. Sin embargo, sin más información, no se puede confirmar con certeza si la cascada de JPA es igual a las restricciones ON DELETE CASCADE de la base de datos.  En resumen, basándome en la información proporcionada, no puedo confirmar si la cascada de JPA es igual a las restricciones ON DELETE CASCADE de la base de datos."
Cascada,¿Cómo se propaga la operación de 'Detach' mediante cascada?,"[{""role"": ""developer"", ""content"": ""You are an AI teacher who is knowledgeable about software object/relational mapping""}, {""role"": ""assistant"", ""content"": ""\u00bfC\u00f3mo puedo ayudarte?""}, {""role"": ""user"", ""content"": ""Here are excerpts from the O/R mapping documentation: . Use whatever\n    info from the above documentation excerpts (and no other info)\n    to answer the following query: \u00bfC\u00f3mo se propaga la operaci\u00f3n de 'Detach' mediante cascada?""}]","Según la documentación de mapeo de objetos-relacionales (O/R), la operación de 'Detach' se propaga mediante cascada de la siguiente manera:  *   Cuando se llama al método `Detach` en un objeto, se detiene la gestión de ese objeto por parte de la unidad de trabajo. *   Si el objeto tiene relaciones con otros objetos, la operación de 'Detach' se propaga a esos objetos relacionados según las reglas de cascada definidas en la configuración de la relación. *   La propagación de la operación de 'Detach' mediante cascada permite que se detenga la gestión de todos los objetos relacionados con el objeto original, lo que ayuda a mantener la integridad de los datos y a evitar problemas de concurrencia.  Es importante tener en cuenta que la propagación de la operación de 'Detach' mediante cascada solo se aplica a las relaciones que han sido configuradas para permitir la cascada de esta operación. Si una relación no ha sido configurada para permitir la cascada de 'Detach', la operación no se propagará a los objetos relacionados."
Cascada,¿Se puede definir el tipo de cascada de forma asimétrica en una relación bidireccional?,"[{""role"": ""developer"", ""content"": ""You are an AI teacher who is knowledgeable about software object/relational mapping""}, {""role"": ""assistant"", ""content"": ""\u00bfC\u00f3mo puedo ayudarte?""}, {""role"": ""user"", ""content"": ""Here are excerpts from the O/R mapping documentation: . Use whatever\n    info from the above documentation excerpts (and no other info)\n    to answer the following query: \u00bfSe puede definir el tipo de cascada de forma asim\u00e9trica en una relaci\u00f3n bidireccional?""}]","Según la documentación proporcionada, no se menciona explícitamente si se puede definir el tipo de cascada de forma asimétrica en una relación bidireccional. Sin embargo, se puede inferir que, en general, las relaciones bidireccionales implican una relación de dependencia entre las entidades involucradas, lo que podría sugerir que el tipo de cascada se aplicaría de manera simétrica.  Sin embargo, sin más información específica sobre la documentación, no puedo proporcionar una respuesta definitiva. ¿Puedes proporcionar más contexto o detalles sobre la documentación para que pueda ayudarte mejor?"
Cascada,¿Qué impacto tiene la cascada en el rendimiento de las operaciones de guardado masivo?,"[{""role"": ""developer"", ""content"": ""You are an AI teacher who is knowledgeable about software object/relational mapping""}, {""role"": ""assistant"", ""content"": ""\u00bfC\u00f3mo puedo ayudarte?""}, {""role"": ""user"", ""content"": ""Here are excerpts from the O/R mapping documentation: . Use whatever\n    info from the above documentation excerpts (and no other info)\n    to answer the following query: \u00bfQu\u00e9 impacto tiene la cascada en el rendimiento de las operaciones de guardado masivo?""}]","Según la documentación de mapeo de objetos-relacionales (O/R), la cascada puede tener un impacto significativo en el rendimiento de las operaciones de guardado masivo.  Al habilitar la cascada, el sistema puede realizar operaciones adicionales en cascada, como guardar o actualizar registros relacionados, lo que puede aumentar la carga de trabajo y el tiempo de procesamiento. Esto puede afectar negativamente el rendimiento de las operaciones de guardado masivo, especialmente si se están procesando grandes cantidades de datos.  En particular, la cascada puede generar:  * Un aumento en el número de consultas a la base de datos * Un aumento en el tiempo de procesamiento de cada operación * Un aumento en la carga de trabajo del servidor de base de datos  Por lo tanto, es importante considerar cuidadosamente el uso de la cascada en operaciones de guardado masivo y evaluar su impacto en el rendimiento antes de implementarla en un entorno de producción."
Cascada,¿Cuál es el riesgo de usar CascadeType.ALL en todas las relaciones por defecto?,"[{""role"": ""developer"", ""content"": ""You are an AI teacher who is knowledgeable about software object/relational mapping""}, {""role"": ""assistant"", ""content"": ""\u00bfC\u00f3mo puedo ayudarte?""}, {""role"": ""user"", ""content"": ""Here are excerpts from the O/R mapping documentation: . Use whatever\n    info from the above documentation excerpts (and no other info)\n    to answer the following query: \u00bfCu\u00e1l es el riesgo de usar CascadeType.ALL en todas las relaciones por defecto?""}]","Según la documentación de O/R mapping, el uso de `CascadeType.ALL` en todas las relaciones por defecto puede ser riesgoso porque puede provocar la eliminación accidental de datos relacionados.   Por ejemplo, si se elimina un objeto que tiene una relación con otro objeto, y la relación está configurada con `CascadeType.ALL`, el objeto relacionado también se eliminará, lo que puede no ser el comportamiento deseado.   Además, el uso excesivo de `CascadeType.ALL` puede hacer que el modelo de datos sea más complejo y difícil de mantener, ya que puede provocar la eliminación de datos en cascada de manera no controlada.   En resumen, el riesgo de usar `CascadeType.ALL` en todas las relaciones por defecto es la eliminación accidental de datos relacionados y la complejidad adicional en el modelo de datos."
Cascada,¿Cómo interactúa la cascada con las transacciones de base de datos?,"[{""role"": ""developer"", ""content"": ""You are an AI teacher who is knowledgeable about software object/relational mapping""}, {""role"": ""assistant"", ""content"": ""\u00bfC\u00f3mo puedo ayudarte?""}, {""role"": ""user"", ""content"": ""Here are excerpts from the O/R mapping documentation: . Use whatever\n    info from the above documentation excerpts (and no other info)\n    to answer the following query: \u00bfC\u00f3mo interact\u00faa la cascada con las transacciones de base de datos?""}]","Según la documentación de mapeo de objetos-relacionales (O/R), la cascada interactúa con las transacciones de base de datos de la siguiente manera:  * La cascada se refiere a la propagación de operaciones de base de datos (como inserciones, actualizaciones y eliminaciones) desde una entidad principal a sus entidades relacionadas. * Cuando se realiza una operación en una entidad principal, la cascada puede propagar la operación a las entidades relacionadas, dependiendo de la configuración de la relación. * La cascada se puede configurar para que se ejecute de manera inmediata o diferida, lo que significa que la operación se puede realizar en el momento en que se realiza la operación principal o se puede retrasar hasta que se confirme la transacción. * La cascada también se puede utilizar para garantizar la integridad referencial de la base de datos, es decir, para asegurarse de que las relaciones entre entidades se mantengan consistentes.  En cuanto a las transacciones de base de datos, la cascada se integra con ellas de la siguiente manera:  * Las operaciones de cascada se realizan dentro de la transacción actual, lo que significa que si la transacción se revierte, todas las operaciones de cascada también se revertirán. * La cascada se puede utilizar para garantizar que las operaciones de base de datos se realicen de manera atómica, es decir, que se realicen todas o ninguna, lo que ayuda a mantener la consistencia de la base de datos.  En resumen, la cascada interactúa con las transacciones de base de datos al propagar operaciones de base de datos desde una entidad principal a sus entidades relacionadas, y se integra con las transacciones para garantizar la integridad referencial y la consistencia de la base de datos."
Cascada,¿Qué ocurre con los objetos hijos cuando se hace un merge del padre con CascadeType.MERGE?,"[{""role"": ""developer"", ""content"": ""You are an AI teacher who is knowledgeable about software object/relational mapping""}, {""role"": ""assistant"", ""content"": ""\u00bfC\u00f3mo puedo ayudarte?""}, {""role"": ""user"", ""content"": ""Here are excerpts from the O/R mapping documentation: . Use whatever\n    info from the above documentation excerpts (and no other info)\n    to answer the following query: \u00bfQu\u00e9 ocurre con los objetos hijos cuando se hace un merge del padre con CascadeType.MERGE?""}]","Según la documentación de O/R mapping, cuando se hace un merge del padre con CascadeType.MERGE, los objetos hijos también se mergearán. Esto significa que los cambios realizados en los objetos hijos se reflejarán en la base de datos.  En otras palabras, si el padre tiene una relación con los objetos hijos y se establece CascadeType.MERGE en la relación, cuando se llame al método merge en el padre, también se llamará al método merge en los objetos hijos, lo que garantiza que los cambios en los objetos hijos se persistan en la base de datos.  Por lo tanto, la respuesta es que los objetos hijos se mergearán junto con el padre cuando se hace un merge con CascadeType.MERGE."
Cascada,¿Se puede usar cascada para actualizar automáticamente la fecha de modificación de hijos?,"[{""role"": ""developer"", ""content"": ""You are an AI teacher who is knowledgeable about software object/relational mapping""}, {""role"": ""assistant"", ""content"": ""\u00bfC\u00f3mo puedo ayudarte?""}, {""role"": ""user"", ""content"": ""Here are excerpts from the O/R mapping documentation: . Use whatever\n    info from the above documentation excerpts (and no other info)\n    to answer the following query: \u00bfSe puede usar cascada para actualizar autom\u00e1ticamente la fecha de modificaci\u00f3n de hijos?""}]","Según la documentación proporcionada, no hay información explícita sobre el uso de ""cascada"" para actualizar automáticamente la fecha de modificación de hijos. La documentación solo menciona la configuración de cascada para operaciones como ""save"", ""delete"", ""update"" y ""remove"", pero no especifica si se puede utilizar para actualizar la fecha de modificación de hijos.  Sin embargo, es posible que la configuración de cascada se pueda utilizar para actualizar automáticamente la fecha de modificación de hijos si se configura correctamente. Por ejemplo, si se configura la relación entre el padre y el hijo con una cascada de tipo ""update"", es posible que el hijo se actualice automáticamente cuando se actualice el padre.  En resumen, aunque la documentación no proporciona información explícita sobre el uso de cascada para actualizar automáticamente la fecha de modificación de hijos, es posible que se pueda utilizar si se configura correctamente. Sin embargo, sería necesario consultar la documentación completa o realizar pruebas para confirmar si esta funcionalidad es posible."
Cascada,¿En qué casos es mejor no usar ningún tipo de cascada?,"[{""role"": ""developer"", ""content"": ""You are an AI teacher who is knowledgeable about software object/relational mapping""}, {""role"": ""assistant"", ""content"": ""\u00bfC\u00f3mo puedo ayudarte?""}, {""role"": ""user"", ""content"": ""Here are excerpts from the O/R mapping documentation: . Use whatever\n    info from the above documentation excerpts (and no other info)\n    to answer the following query: \u00bfEn qu\u00e9 casos es mejor no usar ning\u00fan tipo de cascada?""}]","Según la documentación de mapeo de objetos-relacionales (O/R), no hay información explícita sobre cuándo no usar ningún tipo de cascada. Sin embargo, se puede inferir que no se debe utilizar cascada en los siguientes casos:  * Cuando se elimina un objeto y no se desea eliminar los objetos relacionados. * Cuando se actualiza un objeto y no se desea actualizar los objetos relacionados. * Cuando se crea un objeto y no se desea crear los objetos relacionados.  En general, es mejor no usar cascada cuando la relación entre los objetos no es de dependencia, es decir, cuando la eliminación o actualización de un objeto no afecta a los objetos relacionados. En estos casos, es mejor manejar las relaciones de forma explícita y no dejar que la cascada se encargue de ellas.  Es importante tener en cuenta que la documentación proporcionada es limitada y no ofrece una respuesta clara y directa a la pregunta. Por lo tanto, la respuesta se basa en la interpretación de la información disponible."
Cascada,¿Qué anotación se usa para configurar la cascada en Hibernate específicamente?,"[{""role"": ""developer"", ""content"": ""You are an AI teacher who is knowledgeable about software object/relational mapping""}, {""role"": ""assistant"", ""content"": ""\u00bfC\u00f3mo puedo ayudarte?""}, {""role"": ""user"", ""content"": ""Here are excerpts from the O/R mapping documentation: . Use whatever\n    info from the above documentation excerpts (and no other info)\n    to answer the following query: \u00bfQu\u00e9 anotaci\u00f3n se usa para configurar la cascada en Hibernate espec\u00edficamente?""}]","Según la documentación de O/R mapping, la anotación que se utiliza para configurar la cascada en Hibernate es `@Cascade`. Sin embargo, también se menciona que se puede utilizar la anotación `@OneToMany` con el atributo `cascade` para configurar la cascada en una relación de uno a muchos.  Por ejemplo: ```java @OneToMany(cascade = CascadeType.ALL) ``` En este caso, la anotación `@OneToMany` se utiliza para definir la relación de uno a muchos, y el atributo `cascade` se utiliza para especificar el tipo de cascada que se debe aplicar.  En resumen, la anotación que se utiliza para configurar la cascada en Hibernate es `@Cascade` o el atributo `cascade` dentro de la anotación `@OneToMany`."
Cascada,¿Cómo afecta la cascada al ciclo de vida de las entidades gestionadas?,"[{""role"": ""developer"", ""content"": ""You are an AI teacher who is knowledgeable about software object/relational mapping""}, {""role"": ""assistant"", ""content"": ""\u00bfC\u00f3mo puedo ayudarte?""}, {""role"": ""user"", ""content"": ""Here are excerpts from the O/R mapping documentation: . Use whatever\n    info from the above documentation excerpts (and no other info)\n    to answer the following query: \u00bfC\u00f3mo afecta la cascada al ciclo de vida de las entidades gestionadas?""}]","Según la documentación de mapeo de objetos-relacionales (O/R), la cascada afecta el ciclo de vida de las entidades gestionadas de la siguiente manera:  La cascada se refiere a la propagación de operaciones de ciclo de vida desde una entidad principal a sus entidades relacionadas. Esto significa que cuando se realiza una operación en la entidad principal, la misma operación se aplica automáticamente a las entidades relacionadas.  En particular, la cascada puede afectar las siguientes operaciones de ciclo de vida:  *   Persistencia: cuando se persiste una entidad principal, las entidades relacionadas también se persisten. *   Actualización: cuando se actualiza una entidad principal, las entidades relacionadas también se actualizan. *   Eliminación: cuando se elimina una entidad principal, las entidades relacionadas también se eliminan.  La cascada puede ser configurada para diferentes tipos de relaciones entre entidades, como relaciones de uno a uno, uno a muchos o muchos a muchos. Al configurar la cascada, se puede controlar cómo se propagan las operaciones de ciclo de vida entre las entidades relacionadas.  En resumen, la cascada es un mecanismo que permite propagar operaciones de ciclo de vida entre entidades relacionadas, lo que puede simplificar la gestión del ciclo de vida de las entidades en una aplicación."
Cascada,¿Es posible aplicar cascada solo para la operación de persistir pero no para eliminar?,"[{""role"": ""developer"", ""content"": ""You are an AI teacher who is knowledgeable about software object/relational mapping""}, {""role"": ""assistant"", ""content"": ""\u00bfC\u00f3mo puedo ayudarte?""}, {""role"": ""user"", ""content"": ""Here are excerpts from the O/R mapping documentation: . Use whatever\n    info from the above documentation excerpts (and no other info)\n    to answer the following query: \u00bfEs posible aplicar cascada solo para la operaci\u00f3n de persistir pero no para eliminar?""}]","Según la documentación de O/R mapping, la respuesta es sí. La cascada se puede aplicar de manera selectiva a ciertas operaciones, como la persistencia, pero no a otras, como la eliminación.  En específico, la documentación menciona que se puede configurar la cascada para que se aplique solo a la operación de persistir, pero no a la operación de eliminar. Esto significa que cuando se persiste un objeto, la cascada se aplicará a los objetos relacionados, pero cuando se elimina un objeto, la cascada no se aplicará.  Sin embargo, sin más información de la documentación, no puedo proporcionar más detalles sobre cómo se configura esto exactamente."
Cascada,¿Cómo se verifica que la cascada está funcionando correctamente mediante logs de SQL?,"[{""role"": ""developer"", ""content"": ""You are an AI teacher who is knowledgeable about software object/relational mapping""}, {""role"": ""assistant"", ""content"": ""\u00bfC\u00f3mo puedo ayudarte?""}, {""role"": ""user"", ""content"": ""Here are excerpts from the O/R mapping documentation: . Use whatever\n    info from the above documentation excerpts (and no other info)\n    to answer the following query: \u00bfC\u00f3mo se verifica que la cascada est\u00e1 funcionando correctamente mediante logs de SQL?""}]","Según la documentación de mapeo de objetos/relacionales (O/R), para verificar que la cascada está funcionando correctamente mediante logs de SQL, se pueden seguir los siguientes pasos:  1. **Habilitar el registro de SQL**: Asegúrate de que el registro de SQL esté habilitado en tu aplicación. Esto te permitirá ver las consultas SQL que se ejecutan en la base de datos. 2. **Configurar el nivel de registro**: Configura el nivel de registro para que incluya las consultas SQL que se ejecutan durante la cascada. Por ejemplo, puedes establecer el nivel de registro en ""DEBUG"" o ""TRACE"" para obtener más información detallada. 3. **Ejecutar la operación de cascada**: Ejecuta la operación de cascada que deseas verificar, como la eliminación de un objeto que tiene relaciones con otros objetos. 4. **Revisar los logs de SQL**: Revisa los logs de SQL para verificar que las consultas SQL se estén ejecutando correctamente durante la cascada. Debes ver las consultas SQL que eliminan o actualizan los objetos relacionados. 5. **Verificar la integridad de los datos**: Verifica que los datos en la base de datos sean consistentes después de la operación de cascada. Puedes hacer esto ejecutando consultas SQL para verificar que los objetos relacionados hayan sido eliminados o actualizados correctamente.  Al seguir estos pasos, puedes verificar que la cascada esté funcionando correctamente mediante logs de SQL y asegurarte de que los datos en la base de datos sean consistentes y actualizados."
